Categoria_App,Copertina,Titolo,Autore,Editore,Anno,Descrizione,Link,Nuovo
Editori Selezionati,https://www.ibs.it/images/9788806270100_0_0_150_0_75.jpg,Storia senza padroni,Lorenzo Kamel,Einaudi,2026,"Censure, patenti morali, polarizzazioni estreme. Il dibattito pubblico contemporaneo sembra bloccato in una guerra culturale senza via d'uscita. La radice del problema, però, è profonda. Una memoria storica selettiva ha escluso il resto del mondo dal racconto, riducendo l'universalismo e la storiografia a un'esclusiva occidentale. «Crisi della Storia», «slogan schiacciati sul presente», «unicità dell'universalismo occidentale»: formule abusate che celano piú di quanto rivelino. Dietro ognuna di esse svaniscono il senso del nostro tempo e i giganti del pensiero universalista: Lourenço da Silva Mendonça, Zera Ya'icob, Zumbi dos Palmares. Insieme a centinaia di altre figure storiche, istituzioni e conquiste umane rimaste a lungo nell'ombra. Storia senza padroni fa luce su questo rimosso, muovendo da una precisa premessa: semplificare il passato significa normalizzare vecchie asimmetrie di potere. E rinunciare a capire chi siamo.",https://www.ibs.it/storia-senza-padroni-libro-lorenzo-kamel/e/9788806270100,False
Altri Editori,https://www.ibs.it/images/9788830154377_0_0_150_0_75.jpg,Nexus. Breve storia delle reti di informazione dall'età della pietra all'IA,Yuval Noah Harari,Bompiani,2026,,https://www.ibs.it/nexus-breve-storia-delle-reti-libro-yuval-noah-harari/e/9788830154377,False
Altri Editori,https://www.ibs.it/images/9788830155305_0_0_150_0_75.jpg,I sette pilastri della saggezza,Thomas Edward Lawrence,Bompiani,2026,,https://www.ibs.it/sette-pilastri-della-saggezza-libro-thomas-edward-lawrence/e/9788830155305,False
Editori Selezionati,https://www.ibs.it/images/9788833946818_0_0_150_0_75.jpg,La natura del male. Storia culturale delle risorse naturali,Alexander Etkind,Bollati Boringhieri,2026,"Torba, carbone e petrolio, ma anche merluzzo, legname, canapa, minerali, sale, zucchero, cotone e oppio. La storia dell'umanità non è stata plasmata soltanto da imperatori, guerre e rivoluzioni, ma anche dalle risorse naturali che hanno alimentato economie, permesso di fondare imperi, orientato commerci e trasformato culture. Pubblicato nel 2020, questo libro anticipava con sorprendente lucidità molte delle dinamiche geopolitiche ed energetiche che oggi dominano il dibattito globale, mostrando come il controllo delle risorse naturali sia da sempre una delle forze decisive che governano il mondo. Storico della cultura e tra i più autorevoli studiosi della Russia contemporanea, Alexander Etkind propone una vera e radicale «storia dal basso»: non quella che restituisce centralità al popolo, ma quella che scende ancora più in profondità, fino al cuore delle materie prime. Ogni risorsa naturale diventa così una chiave interpretativa per comprendere il lavoro necessario a sfruttarla, le istituzioni che ne organizzano l'estrazione, le forme dello Stato che da essa dipendono e i modelli di potere che ne derivano. Attraverso una prospettiva che intreccia storia economica, ecologia, geopolitica, antropologia e storia delle idee, ""La natura del male"" racconta una storia alternativa dell'umanità, mostrando come spesso siano le proprietà dei materiali, più che le ambizioni degli esseri umani, a determinare il destino di società, imperi e civiltà. Con una sintesi brillante e uno sguardo interdisciplinare, Etkind firma un'opera di sorprendente attualità, che illumina le radici profonde delle crisi del presente e invita a ripensare il rapporto tra risorse, potere e civiltà.",https://www.ibs.it/natura-del-male-storia-culturale-libro-alexander-etkind/e/9788833946818,False
Editori Selezionati,https://www.ibs.it/images/9788858162361_0_0_150_0_75.jpg,Re Artù. Una biografia,Francesco Marzella,Laterza,2026,"Tutti conosciamo la leggenda di re Artù, ma cosa succede se la prendiamo sul serio e la raccontiamo come la biografia di un uomo realmente esistito? Cosa ci racconta del Medioevo questo grande mito?",https://www.ibs.it/re-artu-biografia-libro-francesco-marzella/e/9788858162361,False
Editori Selezionati,https://www.ibs.it/images/9788832859096_0_0_150_0_75.jpg,"Io, Agamennone. Gli eroi di Omero. Nuova ediz.",Giulio Guidorizzi,Raffaello Cortina Editore,2026,"Una guerra diventata leggenda nelle parole del capo degli Achei. Uomo di potere, abituato a decidere le sorti della sua gente, orgoglioso, duro, Agamennone è solo nel buio della notte mentre, oltre la prua, scruta l’orizzonte. E ricorda i dieci anni di una guerra sanguinosa che ha visto cadere sul campo di battaglia uomini valorosi e forti, sprezzanti del nemico e del destino. Dagli scontri sotto le mura di Troia alla lite con Achille e al vittorioso ritorno in patria, il re di Micene, che Omero chiama “pastore di popoli” o “signore di uomini”, ci porta dritti al centro del mondo omerico: i suoi eroi, i suoi valori, il suo senso della gloria e della vendetta, dell’amore e della morte.",https://www.ibs.it/io-agamennone-eroi-di-omero-libro-giulio-guidorizzi/e/9788832859096,False
Altri Editori,https://www.ibs.it/images/9791281704442_0_0_150_0_75.jpg,Rudolf Hess: in missione per la Germania,James Douglas-Hamilton,Oaks Editrice,2026,,https://www.ibs.it/rudolf-hess-in-missione-per-libro-james-douglas-hamilton/e/9791281704442,False
Editori Selezionati,https://www.ibs.it/images/9791259973139_0_0_150_0_75.jpg,Fritz Bauer e il processo ad Auschwitz,Ronen Steinke,Ronzani Editore,2026,"Ronen Steinke rievoca la figura di Fritz Bauer, il magistrato tedesco, ebreo, che ha costretto la Germania del dopoguerra a una svolta etica, ovvero a confrontarsi con i crimini del nazismo, contribuendo così a ridefinire il rapporto dell’Occidente con la sua coscienza collettiva. Bauer, agendo autonomamente e aggirando un apparato giudiziario ancora sotto l’influenza di ex nazisti, consentì al Mossad di catturare Adolf Eichmann, rifugiatosi in Argentina. Fu anche il “regista” instancabile del grande processo di Francoforte- Auschwitz (1963-65), portando sul banco degli imputati gli aguzzini di Auschwitz, e l’intero sistema della “fabbrica della morte”. Steinke attinge a documenti inediti per svelare la complessità di un uomo che si sentiva costantemente “in territorio nemico” (era solito dire: «Quando esco dal mio ufficio, ho l’impressione di entrare in un paese straniero, quasi nemico»). Un outsider che ha saputo trasformare l’aula di tribunale in un palcoscenico per la coscienza collettiva di una nazione. In un momento storico in cui il dibattito sulla memoria e sulla responsabilità individuale è più vivo che mai, questo libro non è solo una cronaca giudiziaria, ma un noir dell’anima e un trattato di coraggio civile.",https://www.ibs.it/fritz-bauer-processo-ad-auschwitz-libro-ronen-steinke/e/9791259973139,False
Altri Editori,https://www.ibs.it/images/9791257780234_0_0_150_0_75.jpg,Alfabeto Machiavelli,Franco Bernini,E/O,2026,,https://www.ibs.it/alfabeto-machiavelli-libro-franco-bernini/e/9791257780234,False
Editori Selezionati,https://www.ibs.it/images/9791256149544_0_0_150_0_75.jpg,Sulla nostalgia rivoluzionaria. Per una teoria...,Marco Maurizi,Castelvecchi,2026,,https://www.ibs.it/sulla-nostalgia-rivoluzionaria-per-teoria-libro-marco-maurizi/e/9791256149544,False
Altri Editori,https://www.ibs.it/images/9788877077912_0_0_150_0_75.jpg,"I Savoia segreti. Fra stregoneria, avvelenamenti e corsari del Madagascar",Luigi Grassia,Edizioni del Capricorno,2026,,https://www.ibs.it/savoia-segreti-fra-stregoneria-avvelenamenti-libro-luigi-grassia/e/9788877077912,False
Altri Editori,https://www.ibs.it/images/9788866976349_0_0_150_0_75.jpg,Una vita in cielo. Autobiografia del primo aviatore che ha superato il muro del suono. Nuova ediz.,Chuck Yeager,Res Gestae,2026,,https://www.ibs.it/vita-in-cielo-autobiografia-del-libro-chuck-yeager/e/9788866976349,False
Altri Editori,https://www.ibs.it/images/9788864294339_0_0_150_0_75.jpg,Sardegna nuragica,Giovanni Lilliu,Il Maestrale,2026,,https://www.ibs.it/sardegna-nuragica-libro-giovanni-lilliu/e/9788864294339,False
Editori Selezionati,https://www.ibs.it/images/9788858162323_0_0_150_0_75.jpg,Perché la guerra,"Marcello Flores,Giovanni Gozzini",Laterza,2026,"Sono aumentati i conflitti armati e le vittime di guerra in cifra assoluta, ma non in rapporto al numero crescente di stati e di abitanti della Terra. Le guerre sono cambiate. È aumentato il numero di attori non statali, come Hamas e i separatisti filorussi del Donbass in Ucraina. E le guerre si sono imbastardite: solo raramente sono scontri campali tra eserciti, più spesso si fa uso di missili, droni, attentati contro civili. Ma perché la guerra è tornata prepotente? Gli storici dicono che le guerre sono sempre esistite e sempre esisteranno. Ma lo stesso si può dire delle paci. Le guerre sono frutto di decisioni politiche di uomini contro altri uomini. Non sono il prodotto ineluttabile di una natura umana malvagia. Siamo capaci di guerra e di pace. Dipende dalle circostanze: c'è stato un periodo di pace sostanziale subito dopo la fine della Guerra Fredda, grazie alle operazioni di peacekeeping condotte dai caschi blu dell'ONU. Potremmo e dovremmo farlo anche oggi. Conoscere la storia ci può aiutare a capire come possiamo fare la pace e renderla duratura.",https://www.ibs.it/perche-guerra-libro-marcello-flores-giovanni-gozzini/e/9788858162323,False
Altri Editori,https://www.ibs.it/images/9788854532540_0_0_150_0_75.jpg,Elevazione. Del basket e della vita,Abdurraqib Hanif,Neri Pozza,2026,,https://www.ibs.it/elevazione-del-basket-della-vita-libro-abdurraqib-hanif/e/9788854532540,False
Altri Editori,https://www.ibs.it/images/9788838255915_0_0_150_0_75.jpg,Storia Democrazia Cristiana. Vol. 4: Apogeo e crisi del centrosinistra 1962-1976,N/D,Studium,2026,,https://www.ibs.it/storia-democrazia-cristiana-vol-4-libro-vari/e/9788838255915,False
Altri Editori,https://www.ibs.it/images/9788833673806_0_0_150_0_75.jpg,Galleria Antico Egitto al Castello Sforzesco. Guida breve,"Sabrina Ceruti,Anna Provenzali",Officina Libraria,2026,,https://www.ibs.it/galleria-antico-egitto-al-castello-libro-sabrina-ceruti-anna-provenzali/e/9788833673806,False
Altri Editori,https://www.ibs.it/images/9788832967210_0_0_150_0_75.jpg,Come scoppia una guerra civile e come fermarla,Barbara F. Walter,Chiarelettere,2026,,https://www.ibs.it/come-scoppia-guerra-civile-come-libro-barbara-f-walter/e/9788832967210,False
Altri Editori,https://www.ibs.it/images/9791259964878_0_0_150_0_75.jpg,"Mora mia, amore lontano. Lettere di due giovani sposi travolti dalla guerra (1937-1943)","Vittorio Binotto,Bernardina Casarin",Terre di Mezzo,2026,,https://www.ibs.it/mora-mia-amore-lontano-lettere-libro-vittorio-binotto-bernardina-casarin/e/9791259964878,False
Editori Selezionati,https://www.ibs.it/images/9788865486948_0_0_150_0_75.jpg,L'altra lezione. Il disastro di Bhopal e noi,"Cristiano Denanni,Claudio Avella",DeriveApprodi,2026,"Era la notte tra il 2 e il 3 dicembre del 1984, quando a Bhopal, in India, una nube di 27 tonnellate di veleno letale, l’isocianato di metile, avvolse la città e causò la più grave strage chimica e industriale della storia. Fuoriuscì da una fabbrica della Union Carbide, multinazionale americana, che produceva il Sevin, un antiparassitario. Nei primi tre giorni morirono tra le 7000 e le 10.000 persone (su una stima totale di 25.000), mentre ben oltre mezzo milione rimase gravemente ferito o malato. Quasi tutti appartenenti alla fascia più povera della popolazione. Tuttavia, quella notte non fu che l’inizio di una storia. Un cammino fatto di umanità, di resistenza e di dignità con pochi eguali. Questo libro racconta la storia di persone che hanno perso tutto, ma che nonostante ciò hanno saputo ricostruire un altro modo di stare al mondo e di vigilare sulla propria autodeterminazione. E di ricostruire un futuro. È l’altra storia di Bhopal: la vita di donne, di uomini e di bambini sopravvissuti a un’apocalisse, e che dall’inferno hanno saputo rimettere in piedi la vita.",https://www.ibs.it/altra-lezione-disastro-di-bhopal-libro-cristiano-denanni-claudio-avella/e/9788865486948,False
Altri Editori,https://www.ibs.it/images/9788842228141_0_0_150_0_75.jpg,La perla del Comelico. La famiglia Poli e il palazzo Poli - De Pol a San Pietro di Cadore,N/D,Allemandi,2026,,https://www.ibs.it/perla-del-comelico-famiglia-poli-libro-vari/e/9788842228141,False
Altri Editori,https://www.ibs.it/images/9788839719614_0_0_150_0_75.jpg,Le città identitarie. Luoghi e personaggi che hanno fatto la storia della provincia italiana,Edoardo Sylos Labini,Rai Libri,2026,,https://www.ibs.it/citta-identitarie-luoghi-personaggi-che-libro-edoardo-sylos-labini/e/9788839719614,False
Altri Editori,https://www.ibs.it/images/9788833673851_0_0_150_0_75.jpg,The Ancient Egypt Gallery at the Sforza Castle. Essential Guide,"Sabrina Ceruti,Anna Provenzali",Officina Libraria,2026,,https://www.ibs.it/the-ancient-egypt-gallery-at-libro-sabrina-ceruti-anna-provenzali/e/9788833673851,False
Altri Editori,https://www.ibs.it/images/9788899467425_0_0_150_0_75.jpg,"Facciamo gli italiani! Manzoni, D’Annunzio e altri ritratti",Edmondo De Amicis,Succedeoggi Libri,2026,,https://www.ibs.it/facciamo-italiani-manzoni-d-annunzio-libro-edmondo-de-amicis/e/9788899467425,False
Editori Selezionati,https://www.ibs.it/images/9788815397591_0_0_150_0_75.jpg,Fratello credito. Storia e storie dei Monti di pietà,Maria Giuseppina Muzzarelli,Il Mulino,2026,"Ci sono idee che non appartengono soltanto al loro tempo, ma continuano a scorrere silenziose sotto la superficie della storia. Il Monte nasce da questo fragile equilibrio: dall'idea che il denaro possa diventare un gesto di fiducia e che una comunità si riconosca nella responsabilità che sceglie di condividere. Per questo la storia dei Monti di Pietà continua a parlarci, con voce antica e sorprendentemente viva. I Monti di Pietà nascono tra tardo medioevo ed età moderna come risposta pratica a un problema molto concreto: la mancanza di denaro e la diffusione dell'usura. La loro idea è semplice, quasi austera: concedere piccoli prestiti su pegno, in cambio di un oggetto lasciato a garanzia. Ma dentro questa semplicità si apre un mondo sociale intero. A frequentarli sono artigiani, lavoratori, donne che portano ciò che hanno - un vestito, un utensile, un bene domestico - per attraversare una difficoltà. A gestirli funzionari e amministratori che valutano, registrano, custodiscono. Le sedi, spesso centrali nelle città, diventano luoghi di incontro tra economia e vita quotidiana. Il libro ricostruisce questa storia, affidandosi anche alle immagini, che ne ampliano e approfondiscono il racconto. E mette a fuoco la sempre attuale tensione tra finanza e fratellanza, tra efficienza dei conti e attenzione alle persone.",https://www.ibs.it/fratello-credito-storia-storie-dei-libro-maria-giuseppina-muzzarelli/e/9788815397591,False
Altri Editori,https://www.ibs.it/images/9791255600534_0_0_150_0_75.jpg,Rivoluzione e libertà. La tradizione nascosta dell'associazionismo operaio,Salvatore Cannavò,Edizioni Alegre,2026,,https://www.ibs.it/rivoluzione-liberta-tradizione-nascosta-dell-libro-salvatore-cannavo/e/9791255600534,False
Editori Selezionati,https://www.ibs.it/images/9788822796042_0_0_150_0_75.jpg,"I regni del mito. La mitologia greca, romana e norrena",Antonio Montesanti,Newton Compton Editori,2026,"Tre delle tradizioni mitologiche più affascinanti della storia umana: quella greca, quella romana e quella scandinava, per la prima volta riunite in un solo volume. Antonio Montesanti ricostruisce un grande mosaico in cui divinità, eroi, creature e mondi ultraterreni vengono messi a confronto per rivelare somiglianze sorprendenti, differenze profonde e sviluppi culturali che hanno plasmato l'immaginario europeo. Gli dèi dell'Olimpo, gli eroi che hanno fondato Roma e le grandi saghe nordiche: tre sistemi di miti che affrontano, ognuno a suo modo, i grandi temi universali, dalla creazione del mondo al destino umano, per arrivare ovviamente alla morte e al rapporto tra uomo e divinità. Il risultato è un atlante mitologico che non si limita a raccontare storie, ma le mette in dialogo, mostrando come ogni mito sia una finestra sulla cultura che l'ha generato. Tra gli argomenti trattati: Identità e differenze culturali delle mitologie greca, romana e norrena; La cosmogonia: l'origine del mondo; Il pantheon: principali dèi e dee; Confronti e contrasti tra le divinità cardine di ogni mitologia; Gli eroi e i loro attributi unici; Imprese di re e guerrieri; Opere di letteratura, arte e cinema ispirate da queste mitologie.",https://www.ibs.it/regni-del-mito-mitologia-greca-libro-antonio-montesanti/e/9788822796042,False
Altri Editori,https://www.ibs.it/images/9791280147752_0_0_150_0_75.jpg,C’era una volta il duello,Riccardo Rubino,Le Lucerne,2026,,https://www.ibs.it/c-era-volta-duello-libro-riccardo-rubino/e/9791280147752,False
Altri Editori,https://www.ibs.it/images/9791257160814_0_0_150_0_75.jpg,"Lucca, l'immagine nel tempo",Alessio Pisani,Maria Pacini Fazzi Editore,2026,,https://www.ibs.it/lucca-immagine-nel-tempo-libro-alessio-pisani/e/9791257160814,False
Altri Editori,https://www.ibs.it/images/9788835171805_0_0_150_0_75.jpg,La famiglia Besso Lumbroso. Ruolo e influenza nella storia italiana tra '800 e '900,N/D,Franco Angeli,2026,,https://www.ibs.it/famiglia-besso-lumbroso-ruolo-influenza-libro-vari/e/9788835171805,False
Altri Editori,https://www.ibs.it/images/9791281751378_0_0_150_0_75.jpg,La carta del Carnaro. Anatomia di un'utopia libertaria,Enzo Di Brango,QED,2026,,https://www.ibs.it/carta-del-carnaro-anatomia-di-libro-enzo-di-brango/e/9791281751378,False
Altri Editori,https://www.ibs.it/images/9791282579377_0_0_150_0_75.jpg,Istanbul - Costantinopoli. Storie meravigliose e incredibili della seconda Roma,Davide Rossi,Anteo Edizioni,2026,,https://www.ibs.it/istanbul-costantinopoli-storie-meravigliose-incredibili-libro-davide-rossi/e/9791282579377,False
Altri Editori,https://www.ibs.it/images/9791282134194_0_0_150_0_75.jpg,Viteliu. L'antica Italia dei pastori guerrieri,Enio Pecchioni,Press & Archeos,2026,,https://www.ibs.it/viteliu-antica-italia-dei-pastori-libro-enio-pecchioni/e/9791282134194,False
Altri Editori,https://www.ibs.it/images/9791280132628_0_0_150_0_75.jpg,San Siro è rock. La storia dei concerti nello stadio di Milano,Massimiliano Mingoia,Signs Publishing,2026,,https://www.ibs.it/san-siro-rock-storia-dei-libro-massimiliano-mingoia/e/9791280132628,False
Altri Editori,https://www.ibs.it/images/9791255612957_0_0_150_0_75.jpg,"Pier Paolo Pasolini. I turcs tal Friùl. 50 anni di storia, teatro, musica, lingua",N/D,Dario Cimorelli Editore,2026,,https://www.ibs.it/pier-paolo-pasolini-turcs-tal-libro-vari/e/9791255612957,False
Altri Editori,https://www.ibs.it/images/9791254622278_0_0_150_0_75.jpg,Religio Romana. Aspetti mitici e spirituali dell'Urbe,Luigi Mancuso,Passaggio al Bosco,2026,,https://www.ibs.it/religio-romana-aspetti-mitici-spirituali-libro-luigi-mancuso/e/9791254622278,False
Altri Editori,https://www.ibs.it/images/9791254543870_0_0_150_0_75.jpg,La seconda guerra mondiale. 1939-1945. Ediz. illustrata a colori,Gianni Palitta,Crescere,2026,,https://www.ibs.it/seconda-guerra-mondiale-1939-1945-libro-gianni-palitta/e/9791254543870,False
Altri Editori,https://www.ibs.it/images/9791254543863_0_0_150_0_75.jpg,La prima guerra mondiale. 1914-1918. Ediz. a colori,Gianni Palitta,Crescere,2026,,https://www.ibs.it/prima-guerra-mondiale-1914-1918-libro-gianni-palitta/e/9791254543863,False
Altri Editori,https://www.ibs.it/images/9788860075451_0_0_150_0_75.jpg,Aspetti del riformismo leopoldino nella Romagna Granducale,Carlo Giannelli,Edizioni della Meridiana,2026,,https://www.ibs.it/aspetti-del-riformismo-leopoldino-nella-libro-carlo-giannelli/e/9788860075451,False
Altri Editori,https://www.ibs.it/images/9788842572077_0_0_150_0_75.jpg,La rivolta di Budapest. 23 ottobre - 4 novembre 1956,Tibor Méray,Mursia,2026,,https://www.ibs.it/rivolta-di-budapest-23-ottobre-libro-tibor-meray/e/9788842572077,False
Altri Editori,https://www.ibs.it/images/9788842571117_0_0_150_0_75.jpg,Come nacque l'Italia fra imbrogli e bugie,Claudio Fracassi,Mursia,2026,,https://www.ibs.it/come-nacque-italia-fra-imbrogli-libro-claudio-fracassi/e/9788842571117,False
Altri Editori,https://www.ibs.it/images/9788842569954_0_0_150_0_75.jpg,I cagnizza di Rovigno e altri squali,Marco Petrelli,Mursia,2026,,https://www.ibs.it/cagnizza-di-rovigno-altri-squali-libro-marco-petrelli/e/9788842569954,False
Altri Editori,https://www.ibs.it/images/9788842569923_0_0_150_0_75.jpg,La lunga notte di Carzano. La mancata svolta a un mese da Caporetto,Alberto Di Gilio,Mursia,2026,,https://www.ibs.it/lunga-notte-di-carzano-mancata-libro-alberto-di-gilio/e/9788842569923,False
Altri Editori,https://www.ibs.it/images/9788835193555_0_0_150_0_75.jpg,"L'Europa dei Governatori della Banca d'Italia. Governare la moneta, negoziare la sovranità (1945-1993)",Daniele Caviglia,Franco Angeli,2026,,https://www.ibs.it/europa-dei-governatori-della-banca-libro-daniele-caviglia/e/9788835193555,False
Editori Selezionati,https://www.ibs.it/images/9788834362815_0_0_150_0_75.jpg,Reticolarità e dimensione istituzionale (secoli IX-XIII),N/D,Vita e Pensiero,2026,"Il volume, che raccoglie gli atti della nona edizione delle Settimane internazionali di studi medievali della Mendola, approfondisce il tema della dimensione istituzionale nelle sue interferenze con quella reticolare, intesa a diversi livelli: gli strumenti messi in atto per la costruzione di reti istituzionali sovralocali; la consapevolezza di tali strategie e dei vantaggi che ne derivano (o eventualmente la sedimentazione di esperienze empiriche di volta in volta stabilizzate o rigettate); le rappresentazioni della reticolarità; le reti di concetti e di parole nelle fonti scritte come riflesso della reticolarità reale; le metodologie di ricerca che sfruttano le potenzialità di un approccio reticolare. Tali declinazioni sono particolarmente visibili nei secoli centrali del Medioevo, sia in ambito religioso ed ecclesiastico sia in ambito civile, giacché la creazione di reti era funzionale al consolidamento di poteri che dovevano dare sostanza al passaggio dalla dimensione strettamente personale, tipica delle istituzioni altomedievali, a una dimensione spaziale, e talora territoriale. Questo approccio di studio e di ricerca si colloca nell’ambito delle applicazioni della Social Network Analysis e ne adotta alcune prospettive in ambito storiografico, appoggiandosi sugli strumenti già elaborati e messi a frutto dalla sociologia e dall’antropologia, partendo dalle reti di soggetti istituzionali più o meno formalizzati. Per questo la dimensione comparativa delle reti costruite all’interno dei diversi ambiti istituzionali civili ed ecclesiastici, e dei rispettivi strumenti, parte da alcuni casi concreti di organizzazioni sovralocali al fine di osservare sia i mutamenti subiti dagli attori, nel momento in cui entrano a far parte di una rete, sia gli assestamenti della gamma degli strumenti di collegamento tra di loro. Si tratta di un approccio innovativo alla storia medievale, che consente di agevolare il dialogo con le scienze sociali grazie all’ausilio delle nuove tecnologie.",https://www.ibs.it/reticolarita-dimensione-istituzionale-secoli-ix-libro-vari/e/9788834362815,False
Altri Editori,https://www.ibs.it/images/9791282539104_0_0_150_0_75.jpg,Regimen Salerni. La cucina della salute,Massimo Carmando,Coltura Edizioni,2026,,https://www.ibs.it/regimen-salerni-cucina-della-salute-libro-massimo-carmando/e/9791282539104,False
Altri Editori,https://www.ibs.it/images/9791282053082_0_0_150_0_75.jpg,Grido d'allarme dalla prigione dei popoli. Ediz. integrale,Ignati Mösseg,Tracce e Ombre,2026,,https://www.ibs.it/grido-d-allarme-dalla-prigione-libro-ignati-mosseg/e/9791282053082,True
Altri Editori,https://www.ibs.it/images/9791281921320_0_0_150_0_75.jpg,"Favignana. La Farfalla e le sue sorelle. Marettimo, Levanzo, Formica",Francesco Torre,QUICK Edizioni,2026,,https://www.ibs.it/favignana-farfalla-sue-sorelle-marettimo-libro-francesco-torre/e/9791281921320,True
Altri Editori,https://www.ibs.it/images/9791280029867_0_0_150_0_75.jpg,Portomaggiore: cronaca e storia. Dalle origini alla metà del secolo XX,N/D,Faust Edizioni,2026,,https://www.ibs.it/portomaggiore-cronaca-storia-dalle-origini-libro-vari/e/9791280029867,False
Altri Editori,https://www.ibs.it/images/9791259583123_0_0_150_0_75.jpg,"Buccinasco Storia, cultura, ambiente e lotta alle mafie",Maria Ficara,Nomos Edizioni,2026,,https://www.ibs.it/buccinasco-storia-cultura-ambiente-lotta-libro-maria-ficara/e/9791259583123,False
Altri Editori,https://www.ibs.it/images/9791257850296_0_0_150_0_75.jpg,Post Risorgimentali. Un caleidoscopio di spigolature storiche ed aneddotiche,Nedo Migliorini,Betti Editrice,2026,,https://www.ibs.it/post-risorgimentali-caleidoscopio-di-spigolature-libro-nedo-migliorini/e/9791257850296,False
Altri Editori,https://www.ibs.it/images/9791257392109_0_0_150_0_75.jpg,I nomi e le macerie. Piancastagnaio 1943-1946,N/D,C&P Adver Effigi,2026,,https://www.ibs.it/nomi-macerie-piancastagnaio-1943-1946-libro-vari/e/9791257392109,True
Altri Editori,https://www.ibs.it/images/9791257012649_0_0_150_0_75.jpg,Lavoro e dipendenza politica. I cantieri del principe Filippo I di Savoia-Acaia in Piemonte (1314-1334),Vittoria Bufanio,Viella,2026,,https://www.ibs.it/lavoro-dipendenza-politica-cantieri-del-libro-vittoria-bufanio/e/9791257012649,True
Altri Editori,https://www.ibs.it/images/9791257012205_0_0_150_0_75.jpg,L'arte di arrangiarsi. Microcriminalità femminile nella Genova del XVIII secolo,Francesca Ferrando,Viella,2026,,https://www.ibs.it/arte-di-arrangiarsi-microcriminalita-femminile-libro-francesca-ferrando/e/9791257012205,True
Altri Editori,https://www.ibs.it/images/9791257012175_0_0_150_0_75.jpg,"Daunou, o la ragione alla prova della politica. Repubblica e Costituzione nell'Età delle Rivoluzioni (1761-1840)",Carmagnini Giacomo,Viella,2026,,https://www.ibs.it/daunou-o-ragione-alla-prova-libro-carmagnini-giacomo/e/9791257012175,True
Altri Editori,https://www.ibs.it/images/9791256341368_0_0_150_0_75.jpg,Viaggio nella Storia tra fatti e personaggi dell'epoca contemporanea,Gianfranco Coccia,Editoriale Programma,2026,,https://www.ibs.it/viaggio-nella-storia-tra-fatti-libro-gianfranco-coccia/e/9791256341368,False
Altri Editori,https://www.ibs.it/images/9791224338260_0_0_150_0_75.jpg,Il circo di Cuma. Evidenze e congetture sul monumento romano perduto. Ediz. italiana e inglese,Ferdinando Gangemi,Autopubblicato,2026,,https://www.ibs.it/circo-di-cuma-evidenze-congetture-libro-ferdinando-gangemi/e/9791224338260,False
Altri Editori,https://www.ibs.it/images/9791223623350_0_0_150_0_75.jpg,Ridefinire la propria umanità: la memoria offesa di Primo Levi e Jean Améry,Elena Baccini,Gruppo Albatros Il Filo,2026,,https://www.ibs.it/ridefinire-propria-umanita-memoria-offesa-libro-elena-baccini/e/9791223623350,False
Altri Editori,https://www.ibs.it/images/9788895536989_0_0_150_0_75.jpg,Dal maxiprocesso alla superprocura. Tra storia e cronaca,Francesco Cangialosi,Libridine,2026,,https://www.ibs.it/dal-maxiprocesso-alla-superprocura-tra-libro-francesco-cangialosi/e/9788895536989,False
Altri Editori,https://www.ibs.it/images/9788864820866_0_0_150_0_75.jpg,Una storia recente con radici profonde. 10 anni di Banco Fiorentino 2016-2026,N/D,Gruppo Editoriale,2026,,https://www.ibs.it/storia-recente-con-radici-profonde-libro-vari/e/9788864820866,False
Altri Editori,https://www.ibs.it/images/9788860862907_0_0_150_0_75.jpg,"Gli insuperabili. FSM, 74 gare mondiali in 60 anni; le persone, le storie, le imprese",Jeffrey Zani,Aiep Editore,2026,,https://www.ibs.it/insuperabili-fsm-74-gare-mondiali-libro-jeffrey-zani/e/9788860862907,True
Altri Editori,https://www.ibs.it/images/9788846776211_0_0_150_0_75.jpg,"In barca con gli antichi Romani sul Lago di Bracciano tra ville, lagune e porti. Archeologia romana lungo le sponde del Lago di Bracciano","Giuseppe Cordiano,Shantidas Valli",Edizioni ETS,2026,,https://www.ibs.it/in-barca-con-antichi-romani-libro-giuseppe-cordiano-shantidas-valli/e/9788846776211,False
Altri Editori,https://www.ibs.it/images/9788880996712_0_0_150_0_75.jpg,Gli eroi di Olimpia. Lo sport nella società greca e magnogreca. Ediz. illustrata,Enzo Lippolis,Scorpione,2026,,https://www.ibs.it/eroi-di-olimpia-sport-nella-libro-enzo-lippolis/e/9788880996712,True
Altri Editori,https://www.ibs.it/images/9791282605144_0_0_150_0_75.jpg,"Protezione civile. Storia, sistema e cultura della prevenzione. Manuale operativo",Emilio Ardovino,Daimon Edizioni,2026,,https://www.ibs.it/protezione-civile-storia-sistema-cultura-libro-emilio-ardovino/e/9791282605144,False
Altri Editori,https://www.ibs.it/images/9791224805854_0_0_150_0_75.jpg,Prima di Ticinum,Daniele Spairani,Youcanprint,2026,,https://www.ibs.it/prima-di-ticinum-libro-daniele-spairani/e/9791224805854,True
Altri Editori,https://www.ibs.it/images/9791224494645_0_0_150_0_75.jpg,Dieci variazioni sul tema musica e potere. Intrecci esemplari dal Medioevo a oggi,Pier Paolo De Leonibus,StreetLib,2026,,https://www.ibs.it/dieci-variazioni-sul-tema-musica-libro-pier-paolo-de-leonibus/e/9791224494645,False
Altri Editori,https://www.ibs.it/images/9791224090335_0_0_150_0_75.jpg,Storia del Gruppo Archeologico L'Offerente di Prato,N/D,Youcanprint,2026,,https://www.ibs.it/storia-del-gruppo-archeologico-offerente-libro-vari/e/9791224090335,True
Altri Editori,https://www.ibs.it/images/9788868678661_0_0_150_0_75.jpg,Brevi note sulla storia d'Italia (e di Castiglione delle Stiviere) dal 1943 al 2002,Fabrizio Paganella,Gilgamesh Edizioni,2026,,https://www.ibs.it/brevi-note-sulla-storia-d-libro-fabrizio-paganella/e/9788868678661,False
Altri Editori,https://www.ibs.it/images/9791298520134_0_0_150_0_75.jpg,La terra dei ricordi. Cultura e coltura di San Lorenzo Bellizzi,Luigi Vito,Adafor,2026,,https://www.ibs.it/terra-dei-ricordi-cultura-coltura-libro-luigi-vito/e/9791298520134,True
Altri Editori,https://www.ibs.it/images/9791282580380_0_0_150_0_75.jpg,Stel. Vent'anni di tranvie interurbane attorno a Milano (1919-1939). Vol. 2: I tram,"Paolo Zanin,Davide Mastrovito",Phasar Edizioni,2026,,https://www.ibs.it/stel-vent-anni-di-tranvie-libro-paolo-zanin-davide-mastrovito/e/9791282580380,True
Altri Editori,https://www.ibs.it/images/9791259919137_0_0_150_0_75.jpg,"Di fronte all’invisibile. Medium, cacciatori di fantasmi, esorcisti e demonologi, da Eusapia Palladino ai Warren",Matthew Graves,Intra,2026,,https://www.ibs.it/di-fronte-all-invisibile-medium-libro-matthew-graves/e/9791259919137,False
Altri Editori,https://www.ibs.it/images/9791224732440_0_0_150_0_75.jpg,Le Donne della Resistenza francese raccontate ai miei figli,Antonella Colonna Vilasi,StreetLib,2026,,https://www.ibs.it/donne-della-resistenza-francese-raccontate-libro-antonella-colonna-vilasi/e/9791224732440,True
Altri Editori,https://www.ibs.it/images/9791224731191_0_0_150_0_75.jpg,Cemento sulle colline. La Napoli che avrebbe potuto esssere e non fu,Germana Fasano,StreetLib,2026,,https://www.ibs.it/cemento-sulle-colline-napoli-che-libro-germana-fasano/e/9791224731191,True
Altri Editori,https://www.ibs.it/images/9791222819747_0_0_150_0_75.jpg,Studio sulle originali fonti storiche delle guerre Puniche,Giovanni Teresi,ilmiolibro self publishing,2026,,https://www.ibs.it/studio-sulle-originali-fonti-storiche-libro-giovanni-teresi/e/9791222819747,True
Altri Editori,https://www.ibs.it/images/9788872975039_0_0_150_0_75.jpg,"La dinastia teatrale dell'800 di Antonio Petito. Il vero Pulcinella morto in scena, con Turzillo, Chiachieppe, Panfilio, Pangrazio, Pascariello e Pollicino",Antonio Sciotti,ABE,2026,,https://www.ibs.it/dinastia-teatrale-dell-800-di-libro-antonio-sciotti/e/9788872975039,True
Altri Editori,https://www.ibs.it/images/9788832875218_0_0_150_0_75.jpg,La radio prima e durante il fascismo. Le trasmissioni radiofoniche,Carmela Principato,Tra le righe libri,2026,,https://www.ibs.it/radio-prima-durante-fascismo-trasmissioni-libro-carmela-principato/e/9788832875218,True
Altri Editori,https://www.ibs.it/images/9788832875195_0_0_150_0_75.jpg,L'impero di carta. L'esperienza coloniale italiana attraverso le pagine di «Etiopia. Rassegna illustrata dell'Impero».,Stefano Belingardi,Tra le righe libri,2026,,https://www.ibs.it/impero-di-carta-esperienza-coloniale-libro-stefano-belingardi/e/9788832875195,True
Altri Editori,https://www.ibs.it/images/9788832875171_0_0_150_0_75.jpg,Inge Viermetz. Il progetto Lebensborn. Il programma eugenetico razziale ideato nel 1939 da Heinrich Himmler,Ornella Colli,Tra le righe libri,2026,,https://www.ibs.it/inge-viermetz-progetto-lebensborn-programma-libro-ornella-colli/e/9788832875171,True
Altri Editori,https://www.ibs.it/images/9788832875126_0_0_150_0_75.jpg,"La spiritualità della Resistenza. Dalla religione alla religiosità, dalla politica al buon senso",Teresa Valenti,Tra le righe libri,2026,,https://www.ibs.it/spiritualita-della-resistenza-dalla-religione-libro-teresa-valenti/e/9788832875126,True
Altri Editori,https://www.ibs.it/images/9788832296976_0_0_150_0_75.jpg,Il patrimonio Sanseverino venduto a lume di candela (1603-1614),Giuseppe Abbruzzo,Edizioni Orizzonti Meridionali,2026,,https://www.ibs.it/patrimonio-sanseverino-venduto-a-lume-libro-giuseppe-abbruzzo/e/9788832296976,True
Altri Editori,https://www.ibs.it/images/9791281930148_0_0_150_0_75.jpg,Un libro. Un libro nella vita di Primo Levi,Fabrice Gaignault,Cluster - A,2026,,https://www.ibs.it/libro-libro-nella-vita-di-libro-fabrice-gaignault/e/9791281930148,False
Altri Editori,https://www.ibs.it/images/9791259785145_0_0_150_0_75.jpg,Il sacco dei Bretoni. Il massacro del 3 febbraio 1377. Quando a Cesena si oscurò il cielo,Franco Spazzoli,Il Ponte Vecchio,2026,,https://www.ibs.it/sacco-dei-bretoni-massacro-del-libro-franco-spazzoli/e/9791259785145,False
Altri Editori,https://www.ibs.it/images/9791259785237_0_0_150_0_75.jpg,Le resistenti di Cusercoli,Alba Piolanti,Il Ponte Vecchio,2026,,https://www.ibs.it/resistenti-di-cusercoli-libro-alba-piolanti/e/9791259785237,False
Altri Editori,https://www.ibs.it/images/9791259785213_0_0_150_0_75.jpg,LA ZABARIONA RITROVATA. La vera identità e la vera storia dell’ostessa più famosa di Romagna e della sua locanda Con il saggio introduttivo di Eraldo Baldini “La Romagna delle osterie”,Andrea Casadio,Il Ponte Vecchio,2026,,https://www.ibs.it/zabariona-ritrovata-vera-identita-vera-libro-andrea-casadio/e/9791259785213,False
Altri Editori,https://www.ibs.it/images/9791259785077_0_0_150_0_75.jpg,La Rocca delle Caminate. I quattro tempi di una storia millenaria,N/D,Il Ponte Vecchio,2026,,https://www.ibs.it/rocca-delle-caminate-quattro-tempi-libro-vari/e/9791259785077,False
Altri Editori,https://www.ibs.it/images/9791259611116_0_0_150_0_75.jpg,L'altra figlia di Mussolini. La cattura del Duce,Massimo Trifirò,Prospettiva Editrice,2026,,https://www.ibs.it/altra-figlia-di-mussolini-cattura-libro-massimo-trifiro/e/9791259611116,True
Altri Editori,https://www.ibs.it/images/9788896451762_0_0_150_0_75.jpg,Dinastie d'Europa sul lago di Como. La principessa dei Paesi Bassi e i duchi di Sassonia-Meiningen a Villa Carlotta. Ediz. italiana e tedesca,N/D,Nexo,2026,,https://www.ibs.it/dinastie-d-europa-sul-lago-libro-vari/e/9788896451762,False
Altri Editori,https://www.ibs.it/images/9788894730326_0_0_150_0_75.jpg,Relazioni pericolose. I rapporti del movimento sionista con la Germania nazista,Faris Yahya,Francesco Labonia Editore,2026,,https://www.ibs.it/relazioni-pericolose-rapporti-del-movimento-libro-faris-yahya/e/9788894730326,False
Altri Editori,https://www.ibs.it/images/9788885724235_0_0_150_0_75.jpg,Biancavilla nel Regno d'Italia. Fatti politici e aspetti sociali,Alfio Grasso,Nero su Bianco Edizioni,2026,,https://www.ibs.it/biancavilla-nel-regno-d-italia-libro-alfio-grasso/e/9788885724235,False
Altri Editori,https://www.ibs.it/images/9788864406022_0_0_150_0_75.jpg,Istituzioni e commercio in Europa. Le corporazioni di mercanti tra il 1000 e il 1800,Sheilagh Ogilvie,IBL Libri,2026,,https://www.ibs.it/istituzioni-commercio-in-europa-corporazioni-libro-sheilagh-ogilvie/e/9788864406022,False
Altri Editori,https://www.ibs.it/images/9788832875140_0_0_150_0_75.jpg,La filosofia e la Resistenza delle donne partigiane,Teresa Valenti,Tra le righe libri,2026,,https://www.ibs.it/filosofia-resistenza-delle-donne-partigiane-libro-teresa-valenti/e/9788832875140,True
Altri Editori,https://www.ibs.it/images/9791222501444_0_0_150_0_75.jpg,La guerra segreta. Putin e Trump contro l'Europa,Antonio Talia,Fuoriscena,2026,,https://www.ibs.it/guerra-segreta-putin-trump-contro-libro-antonio-talia/e/9791222501444,False
Editori Selezionati,https://www.ibs.it/images/9788804801832_0_0_150_0_75.jpg,Le voci degli altri,Mario Calabresi,Mondadori,2026,"Questo libro è un incontro con chi sente di essere trasparente e dimenticato e non capisce come sia possibile. C'è stato un momento in cui abbiamo smesso di vedere le persone intorno a noi, in cui abbiamo smesso di ascoltarle e ci siamo chiusi nella nostra bolla, convinti che questo ci garantisse una vita più tranquilla e sicura. I segni di questo cambiamento, la fine dell'empatia e la costruzione di muri non solo fisici ma anche emotivi, si leggono nella politica, nell'informazione e nei comportamenti collettivi in ogni angolo del mondo. Non è successo all'improvviso, ma in un percorso in cui la diffidenza è diventata un ingrediente fondamentale delle nostre vite. Ci è stato raccontato che non era necessario fare la fatica di mettersi nei panni degli altri, anzi, che fosse pericoloso e da evitare. Intorno a noi, però, hanno cominciato a crescere solitudine e indifferenza, e il paesaggio si è riempito di macerie. Questo libro è un incontro con chi sente di essere trasparente e dimenticato e non capisce come sia possibile. Una nonna rimasta l'unica italiana nel suo palazzo popolare, spaventata da un mondo che non comprende, e una bibliotecaria che si confronta con una bambina che non trova nessun libro in cui sentirsi rappresentata. Una donna che si occupa di dare un'identità ai morti che non hanno un nome e, senza saperlo, regala una risposta a due sorelle sospese in un dolore lungo vent'anni. Un uomo che passa la vita cercando di scoprire chi abbia ucciso suo padre e, dopo anni di indifferenza, riceve un regalo anonimo che gli dona serenità. Un ragazzo che trova speranza nel rinunciare all'odio che gli spetterebbe, e riconquista così la libertà. E, infine, un uomo che ha speso gran parte della sua vita dentro le mura della Città Vecchia di Gerusalemme, che ha visto il tempo della speranza e quello della disperazione, e che in una terra sfigurata dall'odio continua a cercare spiragli di luce e umanità.",https://www.ibs.it/voci-degli-altri-libro-mario-calabresi/e/9788804801832,False
Altri Editori,https://www.ibs.it/images/9791257800048_0_0_150_0_75.jpg,Cose spiegate bene. La più grande organizzazione del mondo,N/D,Iperborea,2026,,https://www.ibs.it/cose-spiegate-bene-piu-grande-libro-vari/e/9791257800048,False
Editori Selezionati,https://www.ibs.it/images/9788807200205_0_0_150_0_75.jpg,L'Internazionale nera. L'assalto della nuova destra al cuore dell'Occidente,Giorgio Mottola,Feltrinelli,2026,"Mentre siamo impegnati a districare il gomitolo nero del fascismo, alla ricerca della prova definitiva di un collegamento diretto tra il Ventennio e Giorgia Meloni, non ci accorgiamo che la nuova destra radicale è molto più pericolosa. E non è un fenomeno nazionale, ma una rete internazionale che unisce leader politici, think tank, fondazioni ultraconservatrici, lobby religiose e colossi tecnologici. Un sistema di relazioni che attraversa Stati Uniti, Europa e Russia e che mina la democrazia liberale dall'interno, indirizzandola pericolosamente verso l'autocrazia. L'Internazionale nera racconta come è nata e come funziona questa infrastruttura di potere, che sta portando avanti una vera e propria guerra culturale: dalla denuncia delle élite globaliste alle battaglie contro l'immigrazione, fino ad agitare lo spettro della sostituzione etnica; dalla difesa della famiglia tradizionale all'attacco dei diritti civili e della cosiddetta “ideologia gender”. Al centro di questa storia c'è anche l'Italia. L'ascesa di Giorgia Meloni non è solo la vicenda di una leader nazionale, ma il risultato di una trasformazione politica che ha ridefinito la destra occidentale nell'ultimo decennio. Attraverso una rete di alleanze europee e transatlantiche, Fratelli d'Italia si è inserito in un movimento mondiale che condivide parole d'ordine e obiettivi politici. Con ritmo serrato e rigore investigativo, Giorgio Mottola ricostruisce l'ideologia e i protagonisti di questa nuova destra internazionale: un mondo che rivela una sorprendente coerenza strategica.",https://www.ibs.it/internazionale-nera-assalto-della-nuova-libro-giorgio-mottola/e/9788807200205,False
Editori Selezionati,https://www.ibs.it/images/9788858161869_0_0_150_0_75.jpg,"La sofferenza che non parla. Adolescenti, adulti e il coraggio dell'ascolto",Michela Marzano,Laterza,2026,"Hanno bisogno di te, ma non ti vogliono accanto. Desiderano la tua presenza, ma ti impongono una distanza. Cosa ci stanno chiedendo i nostri figli quando si comportano in modo così contraddittorio? E come esserci senza invaderli, restare senza soffocarli, ascoltarli senza l'ansia di correggerli? Forse non ci eravamo mai sentiti così disarmati davanti alla sofferenza dei nostri figli. Eccessi, sfide aperte all'autorità degli adulti: quella espressa dagli adolescenti nel recente passato era spesso una sofferenza rumorosa, visibile, talvolta spettacolare. Oggi, accanto a queste forme di disagio, se ne diffondono di più silenziose e difficili da decifrare. Il dolore non esplode verso l'esterno: si ritira. Quando provano a parlarne, ragazze e ragazzi si limitano spesso a frasi brevi, apparentemente vaghe: «Non sto bene», «Non ho voglia di niente». Siamo abituati a pensare che il dolore, per essere compreso, debba prima di tutto essere formulato. Ma a volte il dolore è muto, si limita a esistere. Così la sofferenza trova altre strade. Nel sonno che scompare o diventa eccessivo, nella stanchezza che non passa, nel ritiro, nel silenzio, nel rapporto difficile con il cibo, nella fatica di affrontare le attività di ogni giorno. Ma cosa cercano di dirci i nostri figli con il loro modo di stare male? Michela Marzano, attraverso l'ascolto quotidiano di studenti e giovani, prova a entrare dentro il disagio adolescenziale contemporaneo, proponendone una lettura diversa. E ricordandoci che il modo in cui una generazione soffre dice qualcosa del mondo in cui vive. Di noi adulti, non meno fragili e disorientati, chiamati non tanto a risolvere il loro dolore quanto a restargli accanto anche quando la relazione fa male.",https://www.ibs.it/sofferenza-che-non-parla-adolescenti-libro-michela-marzano/e/9788858161869,False
Editori Selezionati,https://www.ibs.it/images/9791222332260_0_0_150_0_75.jpg,"Il popolo martire dei nostri tempi. Scritti e interventi sulla questione palestinese, la rivoluzione anticoloniale, l’imperialismo",Domenico Losurdo,Mimesis,2026,"Il popolo martire dei nostri tempi raccoglie la riflessione filosofica di Domenico Losurdo che, a partire dal concetto universale di essere umano, si è confrontata con quei processi storici e ideologici – anzitutto il colonialismo e l’imperialismo, assieme alla cultura che continua a legittimarli – che hanno ostacolato la costruzione della comune umanità. In questo impegno intellettuale e militante, un posto particolare spetta ai palestinesi, “il popolo martire per eccellenza” dei nostri tempi; un popolo umiliato e misconosciuto da quell’Occidente che si proclama paladino dei diritti umani e per una lunga fase ha preteso di esportare questi diritti con le proprie “guerre umanitarie”. In un momento in cui il mondo assiste con sgomento alla tragedia di Gaza, questitesti denunciano con estrema lucidità ciò che molti hanno preferito non vedere, restituendo dignità e spessore a un popolo vittima delle grandi contraddizioni della storia contemporanea.",https://www.ibs.it/popolo-martire-dei-nostri-tempi-libro-domenico-losurdo/e/9791222332260,False
Editori Selezionati,https://www.ibs.it/images/9788817201971_0_0_150_0_75.jpg,Diventare una potenza. Istruzioni per una rivoluzione europea,Paolo Gentiloni,Rizzoli,2026,"Un'Unione Europea lontana, assente, muta, incapace di imporre la pace in Ucraina, di contenere i prezzi dell'energia, di contrastare le merci cinesi sussidiate dallo Stato. Un mostro di burocrazia che strangola l'innovazione, ossessionato dalla transizione verde, col feticcio della concorrenza, il tabù del debito pubblico e adesso pure la pretesa di farci spendere per la difesa. Così ripete chi dall'Europa vorrebbe tutto, a condizione che non possa fare nulla. Paolo Gentiloni si sottrae al coro assordante dei lamenti e offre una visione del tutto opposta, basata su una realtà incontrovertibile: l'Europa è il continente in cui si vive più a lungo, il più sicuro, quello che si sforza di attenuare le ingiustizie grazie a tassazione progressiva, sanità e istruzione pubbliche, sistemi pensionistici solidi, presenza di ammortizzatori sociali. È il luogo dei diritti, della parità di genere, della libertà di pensiero, della tutela delle minoranze. Oggi l'Europa - la nostra patria comune fondata su libertà, pace, rispetto dell'ambiente e primato del diritto - è sotto assedio, per la minaccia di Putin, l'abbandono di Trump e l'azione costante di partiti e governi nazionalisti e populisti che si adoperano per minarne le fondamenta. Questo libro fa una scelta di campo, per un'Europa più forte e in marcia verso una nuova forma di integrazione federale capace di dare potenza e autonomia strategica all'Unione, in un equilibrio originale con gli Stati nazionali. Perché si può essere patrioti italiani ed europei. E non c'è sfida più affascinante di questa.",https://www.ibs.it/diventare-potenza-istruzioni-per-rivoluzione-libro-paolo-gentiloni/e/9788817201971,False
Altri Editori,https://www.ibs.it/images/9791221221800_0_0_150_0_75.jpg,"Odiocrazia. Distruggere e ricostruire il web che crea uomini violenti, donne succubi e tiranni idioti",Valeria Fonte,De Agostini,2026,,https://www.ibs.it/odiocrazia-distruggere-ricostruire-web-che-libro-valeria-fonte/e/9791221221800,False
Editori Selezionati,https://www.ibs.it/images/9788828220183_0_0_150_0_75.jpg,Brevi lezioni di resistenza. Per vivere nel nuovo mondo,Vittorino Andreoli,Solferino,2026,"Viviamo in un mondo in cui la verità si dissolve in mille versioni, il sacro si consuma come un prodotto, l’altro diventa subito nemico. Un mondo che mercifica la sessualità, trasforma l’identità in denaro, sostituisce i legami con affetti addomesticati e cani terapeutici, affida la mente a macchine sempre più potenti. In queste ""Brevi lezioni di resistenza"", Vittorino Andreoli non offre ricette facili, ma lampi di consapevolezza. Ogni capitolo è un invito a fermarsi, a pensare, a interrogarsi sul presente senza cedere alla nostalgia per il vecchio mondo né alla rassegnazione. Come viviamo con l’intelligenza artificiale? Perché l’identità biologica e quella psichica possono risultare opposte? Che fine ha fatto la forza del destino? Da quando il denaro è diventato la misura del significato dell’uomo? Come ci siamo ammalati di medicina preventiva? Questo volume ci regala undici riflessioni agili, a volte scomode, eppure necessarie: parole illuminanti che cercano di aprire spiragli, per imparare a vivere in un tempo che cambia più velocemente di noi. Un libro per chi non si accontenta di subire il mondo nuovo, ma vuole provare a comprenderlo.",https://www.ibs.it/brevi-lezioni-di-resistenza-per-libro-vittorino-andreoli/e/9788828220183,False
Altri Editori,https://www.ibs.it/images/9791222500973_0_0_150_0_75.jpg,Il libro segreto di Forza Nuova,Paolo Berizzi,Fuoriscena,2026,,https://www.ibs.it/libro-segreto-di-forza-nuova-libro-paolo-berizzi/e/9791222500973,False
Editori Selezionati,https://www.ibs.it/images/9791255823179_0_0_150_0_75.jpg,Una cosa di sinistra. Come far tornare alla politica chi non ci crede più,Lorenzo Pacini,Ponte alle Grazie,2026,"C’è una sola, vera emergenza in Italia, ed è quella sociale: salari poveri, lavoro senza dignità, bisogni di cura disattesi. La sicurezza, gli sbarchi, i 'maranza' sono tutti diversivi, perché il nemico del popolo non arriva su un gommone, ma con lo yacht o il jet privato. Eppure da trent’anni la sinistra ha smesso di dirlo, ha abbandonato la lotta di classe e si è fatta custode dello status quo, lasciando che fosse la destra a spostare la rabbia della gente sugli ultimi anziché sui privilegiati. Con parole chiare e dati alla mano, Lorenzo Pacini ricomincia da capo. Racconta un Paese in cui il lavoro non garantisce più né salari dignitosi né pensioni, in cui i giovani emigrano in massa ogni anno, in cui gli evasori sono celebrati e le grandi eredità quasi non vengono tassate. Al centro c’è Milano, laboratorio del modello da superare: la città 'attrattiva ma non accogliente', dove arrivano i multimilionari con la flat tax e se ne vanno via i lavoratori. Ma è anche il luogo dove immaginare l’alternativa: un socialismo municipale fatto di mutualismo, cooperazione dal basso e qualità della vita per chi la città la fa funzionare davvero. Perché Una cosa di sinistra è tornare a scegliere le persone, il lavoro, la cura reciproca. Un programma diretto e senza sconti per ridare alla sinistra il coraggio di essere, di nuovo, popolare.",https://www.ibs.it/cosa-di-sinistra-come-far-libro-lorenzo-pacini/e/9791255823179,False
Editori Selezionati,https://www.ibs.it/images/9791223802274_0_0_150_0_75.jpg,L'età grande. I diritti degli anziani e i doveri della società,Vincenzo Paglia,Piemme,2026,"«In ogni nonno, in ogni anziana curva, nel malato che non può più uscire di casa, è nascosto un tesoro che riguarda anche noi: la prova che la vita resta degna fino all'ultimo respiro, che nessuno è mai ""di troppo"", che persino la debolezza può diventare forza di legame, mitezza che riconcilia, pazienza che educa. Se impariamo a stare accanto agli anziani, a custodirli, a farli partecipare alle scelte, a lasciarci guidare dalla loro esperienza, non stiamo solo aiutando qualcuno: stiamo imparando come vorremmo essere guardati e trattati anche noi, quando il tempo ci avrà reso più fragili.» Un libro che con la sua Carta, la prima dedicata ai diritti degli anziani e ai doveri della società, ci chiede un cambio di prospettiva radicale: la vecchiaia non più come peso sociale, ma risorsa ancora capace di generare valore e futuro. Per costruire una comunità davvero umana non basteranno le leggi; c'è bisogno di uno sguardo nuovo, una rivoluzione culturale, un'alleanza tra generazioni che rimetta gli anziani al centro. Sostenere l'età grande e restituirle dignità, proteggere la saggezza di cui è portatrice, significa dunque decidere che tipo di popolo vogliamo essere, fare una precisa scelta di civiltà, perché «un popolo che custodisce i suoi vecchi custodisce anche i bambini, i poveri, i malati, custodisce il futuro; un popolo che li lascia soli, prima o poi, si ritroverà solo anch'esso.»",https://www.ibs.it/eta-grande-diritti-degli-anziani-libro-vincenzo-paglia/e/9791223802274,False
Editori Selezionati,https://www.ibs.it/images/9788806269128_0_0_150_0_75.jpg,Un ospite alla festa,Colm Tóibín,Einaudi,2026,"Campi verdi e scogliere battute dal vento, l'Irlanda può sembrare un paradiso naturale sempre identico a se stesso. Ma, tanto a Dublino quanto nei piccoli centri, la società cambia, e di questi cambiamenti Colm Tóibín è un testimone lucido e appassionato, con un piede in patria e uno all'estero. Evocando gli scandali che hanno fatto vacillare la chiesa cattolica, alcune traversie personali, ricordi dolorosi e incontri inaspettati, l'ospite si piazza al centro della festa e, con nostalgico affetto e spietata onestà, non nasconde sotto il tappeto le peggiori magagne sue e dei padroni di casa. Nato in un mondo imbavagliato dalla censura e dalla religione, Colm Tóibín ha visto romanzi proibiti uscire dai nascondigli e approdare sugli scaffali delle librerie, e preti rispettati passare dalle aule di un collegio a quelle di un tribunale. In questa raccolta di saggi, pennellata dopo pennellata, tratteggia proprio i drastici cambiamenti avvenuti in Irlanda nel giro di pochi decenni. Sotto i suoi occhi, il mondo rigido del passato, in cui un festival musicale bastava a scandalizzare un'intera cittadina, si è aperto alla modernità e al dibattito. E lui stesso, ex studente di un collegio cattolico, non esita a dire la sua, segnalando le ipocrisie e i gravi errori di quella chiesa che in Irlanda ha avuto e continua ad avere un peso enorme. Se le figure di tre papi - Karol Wojtyla, Joseph Ratzinger e Jorge Mario Bergoglio - dominano le pagine centrali di questa raccolta, altri saggi hanno un carattere decisamente piú intimo. Da grande scrittore qual è, Tóibín prende una diagnosi infausta e, con tutti i tormenti fisici e mentali che ha causato, la trasforma in un'epica avventura a lieto fine capace di strappare piú di una risata. Poi, andando indietro nel tempo, rievoca l'infanzia a Enniscorthy, sonnolenta cittadina ricca di storia, la giovinezza a Dublino tra bevute e giornate a zonzo, e la perdita della madre, un'avida lettrice autodidatta che se n'è andata lasciando sul comodino una pila di libri da finire. A chiudere la raccolta, che offre una selezione dei testi contenuti in A Guest at the Feast (2022) voluta dallo stesso autore, è un omaggio alle bellezze artistiche di Venezia, visitata in un periodo spettrale in cui la pandemia di Covid ricreava involontariamente atmosfere alla Thomas Mann.",https://www.ibs.it/ospite-alla-festa-libro-colm-toibin/e/9788806269128,False
Altri Editori,https://www.ibs.it/images/9788838256417_0_0_150_0_75.jpg,Rivista di studi politici internazionali (2026). Vol. 2,N/D,Studium,2026,,https://www.ibs.it/rivista-di-studi-politici-internazionali-libro-vari/e/9788838256417,False
Editori Selezionati,https://www.ibs.it/images/9788833946993_0_0_150_0_75.jpg,"La bolla dell'intelligenza artificiale. Tecnologia, mercato e nuove prospettive","Stefano Quintarelli,Emil Abirascid",Bollati Boringhieri,2026,"Questo è un libro scritto per chiunque voglia prendere decisioni informate sul proprio futuro, decodificare la narrazione dominante in modo critico e poter leggere gli impatti sociali ed economici che stanno all'intersezione tra tecnologia, mercato e regolamentazione. Un cittadino che vuole vivere consapevolmente nel mondo deve avere gli strumenti per capire quanto dirompente sia l'IA e quali scelte epocali ci attendono. Mai come ora, infatti, l'intelligenza artificiale solleva lodi e polemiche nel discorso comune: si parla ogni giorno del suo impatto energetico, delle conseguenze sul mondo del lavoro, di problematiche legate al diritto d'autore, di minacce per la creatività umana, dell'effetto sull'apprendimento. Ma mentre il dibattito mainstream, diviso tra catastrofisti ed entusiasti, si sofferma su questioni etiche o filosofiche, in questo testo Stefano Quintarelli sceglie una via diversa: spiega le componenti tecniche dell'intelligenza artificiale e si concentra sui loro risvolti economici, sociali e politici. Dietro l'euforia per i chatbot che ormai utilizziamo quotidianamente si nasconde una realtà più complessa di un semplice prompt: la corsa agli LLM sta ridisegnando le mappe del potere mondiale, dagli scontri strategici tra Stati Uniti e Cina all'onnipotenza delle big tech, dai giochi finanziari delle multinazionali al controllo diretto delle menti dei cittadini. Grande attenzione è dedicata anche al futuro degli investimenti associati all'IA: i large language models attualmente sono il terreno di battaglia immateriale della politica globale e alimentano un'euforia finanziaria dai fondamentali di mercato assai dubbi. Esaminando con rara competenza temi impellenti per la contemporaneità, Quintarelli ci aiuta a interpretare il presente e ad affrontare l'avvenire dell'intelligenza artificiale, offrendoci una bussola per comprenderne i meccanismi profondi.",https://www.ibs.it/bolla-dell-intelligenza-artificiale-tecnologia-libro-stefano-quintarelli-emil-abirascid/e/9788833946993,False
Editori Selezionati,https://www.ibs.it/images/9788858161838_0_0_150_0_75.jpg,La fortezza Israele. Anatomia di un paese senza pace,Francesca Caferri,Laterza,2026,"Cosa è successo alla società israeliana dopo tre anni di guerra permanente e totale? Chi parla, oggi, per Israele? «Poche sono le persone che si sono immerse nel dramma del Medio Oriente con coraggio, profondità e umanità come Francesca Caferri. La sua scrittura è intensa e ci restituisce una lettura profonda e onesta di una delle regioni più difficili del mondo.» David Grossman Dal 7 ottobre del 2023, Israele si è presentato al mondo come una fortezza sotto assedio. Una piccola Sparta pronta a rispondere colpo su colpo alle aggressioni, senza incertezze e dubbi. Una società unita dal dolore e dalla volontà di sopravvivere, da cui sono banditi coloro che obiettano e dissentono. Ma siamo sicuri che Israele abbia una sola faccia o invece ce ne sono mille che si contraddicono, si ignorano, si temono a vicenda? Come è possibile che un leader accusato di corruzione in patria e di crimini contro l'umanità alla Corte dell'Aja continui a governare con il consenso della maggioranza? Per rispondere a queste domande, Francesca Caferri ha fatto un viaggio dentro la società israeliana con gli strumenti del buon giornalismo: le scarpe consumate sul campo, le interviste cercate e conquistate, lo sguardo capace di stare sui fatti. Così, ci porta dagli elettori della destra radicale e dai pacifisti ostinati e sempre più soli, dai media sotto pressione e dagli imprenditori che guardano dall'altra parte. E poi in Cisgiordania, a toccare con mano l'espulsione dei palestinesi. Voci che in Israele non hanno quasi mai diritto di parola, ma che finalmente riusciamo ad ascoltare. Sullo sfondo resta proprio Gaza, con i suoi morti e la sua distruzione. E anche una domanda che percorre tutto il libro: come può Israele non vedere ciò che indigna il resto del mondo? E non capire le conseguenze – pericolosissime – di questi anni di guerra?",https://www.ibs.it/fortezza-israele-anatomia-di-paese-libro-francesca-caferri/e/9788858161838,False
Editori Selezionati,https://www.ibs.it/images/9788858161876_0_0_150_0_75.jpg,Nazionalcapitalismo,Roberto Tamborini,Laterza,2026,"Il nazionalcapitalismo è capitalismo, anche spinto, ma incorniciato nel quadro della nazione e dell'interesse nazionale. Non è un'idea nuova. È il terreno da cui sono nate le due guerre mondiali. Perché le destre nazionaliste e illiberali vincono ovunque, dall'Europa agli USA? Non per caso, non per rabbia popolare, non per la crisi della sinistra. C'è una logica, un progetto, un nome: nazionalcapitalismo. Una visione che conserva tutte le caratteristiche del capitalismo, ricollocandole nella cornice ideologica della nazione e dell'interesse nazionale, presidiati da un governo elettivo autoritario. Il nazionalcapitalismo si contrappone alla globalizzazione dell'economia, della politica e della cultura che, dopo la caduta del Muro di Berlino, ha investito gran parte del mondo. Contrariamente alle promesse, non tutti ne hanno beneficiato: ci sono stati i perdenti della globalizzazione. Il messaggio per loro è semplice: voi siete perdenti non per colpa del capitalismo, ma della sua globalizzazione e di chi l'ha voluta. Questa forma di capitalismo imbevuto di nazionalismo e autoritarismo non è un'idea nuova: è il brodo di coltura delle due guerre mondiali. Oggi si ripresenta con nuove vesti, nuovi algoritmi, nuovi nemici da indicare, ma con la stessa visione. Una menzogna precisa, efficace, pericolosa.",https://www.ibs.it/nazionalcapitalismo-libro-roberto-tamborini/e/9788858161876,False
Altri Editori,https://www.ibs.it/images/9788867835836_0_0_150_0_75.jpg,Guerra alla terra. Conflitti armati e crisi ecologica,Danilo Zagaria,ADD Editore,2026,,https://www.ibs.it/guerra-alla-terra-conflitti-armati-libro-danilo-zagaria/e/9788867835836,False
Editori Selezionati,https://www.ibs.it/images/9788807552083_0_0_150_0_75.jpg,Il ponte. Diario dallo stretto di Messina,Lelio Bonaccorso,Feltrinelli,2026,"Il Ponte sullo Stretto è molto più di una “grande opera”: è un progetto che da decenni divide l'Italia e solleva interrogativi cruciali sul futuro di uno dei territori più fragili e straordinari del Mediterraneo. Lelio Bonaccorso, già autore di importanti reportage a fumetti, è nato e vive a Messina, città che ama e per la quale da anni sta combattendo una battaglia, anche in rete, per denunciare le drammatiche trasformazioni che il Ponte rischia di produrre. Intrecciando memoria personale e rigore documentale, Bonaccorso conduce un'inchiesta approfondita, attraverso il confronto con geologi, ingegneri, ecologi, giuristi, amministratori e cittadini direttamente coinvolti, evidenziando le principali questioni aperte: dal forte rischio sismico alle ricadute sociali e urbanistiche, fino all'impatto devastante su ecosistemi unici al mondo. Il risultato è un racconto coinvolgente che invita il lettore a interrogarsi sul significato di progresso, sul rapporto tra uomo e natura e sul valore della conoscenza come strumento di partecipazione. Per qualcuno, il Ponte sullo Stretto esiste già. E ha un peso, un impatto, un costo non soltanto economico.",https://www.ibs.it/ponte-diario-dallo-stretto-di-libro-lelio-bonaccorso/e/9788807552083,False
Altri Editori,https://www.ibs.it/images/9788868995904_0_0_150_0_75.jpg,Il nemico principale. Vol. 2: Pensare il genere,Christine Delphy,Vanda Edizioni,2026,,https://www.ibs.it/nemico-principale-vol-2-pensare-libro-christine-delphy/e/9788868995904,False
Altri Editori,https://www.ibs.it/images/9788822925497_0_0_150_0_75.jpg,Il governo dello spazio. L'architettura come vettore politico,Jean-Louis Cohen,Quodlibet,2026,,https://www.ibs.it/governo-dello-spazio-architettura-come-libro-jean-louis-cohen/e/9788822925497,False
Altri Editori,https://www.ibs.it/images/9791280559746_0_0_150_0_75.jpg,Bikeboobs. Guida al ciclismo come pratica femminista,"Agnese Gentilini,Giulia Vinciguerra",le plurali,2026,,https://www.ibs.it/bikeboobs-guida-al-ciclismo-come-libro-agnese-gentilini-giulia-vinciguerra/e/9791280559746,False
Editori Selezionati,https://www.ibs.it/images/9788820086602_0_0_150_0_75.jpg,Max90. La mia storia. I miti e le emozioni di un decennio fighissimo,Max Pezzali,Sperling & Kupfer,2026,"Erano i primi anni 90 quando gli 883 si fecero conoscere da milioni di giovani con canzoni destinate a entrare nella storia della musica italiana. In quei brani c'erano la vita di provincia, i ragazzi senza cellulare (perché era roba da manager in giacca e cravatta) che per darsi un appuntamento si incontravano al bar e la domenica ascoltavano le partite alla radio; c'erano i gruppi di amici in giro con un «deca» in tasca e la certezza che la serata si sarebbe conclusa con un nulla di fatto; c'erano il sogno americano e la nebbia di Pavia, la radio a 1.000 watt e i pomeriggi d'inverno trascorsi in sala giochi. C'erano le immagini vivide di un decennio che Max Pezzali ha saputo consegnare come nessun altro, fino a renderle mitiche. In questo libro, Max ha selezionato oggetti (alcuni ormai spariti), espressioni, icone presenti nelle canzoni del suo repertorio e li ha disposti in fila - proprio come le tracce di un album - per raccontare gli anni 90, una generazione e il suo immaginario. In quegli anni, cosa rappresentava la maglietta nera citata in Non me la menare? Che cosa voleva dire scrivere lunghe lettere d'amore come si canta in Come mai, o «trafficare» con i VHS e le riviste a luci rosse, come fanno i protagonisti di Cumuli? E molto, moltissimo altro ancora, in una carrellata di aneddoti e racconti personali capaci di dare forma a una singolare e divertentissima «autobiografia» per temi e di consegnarci lo spirito di un decennio indimenticabile. Sempre con i brani degli 883 e di Max a scandire le tappe di questo viaggio straordinario.",https://www.ibs.it/max90-mia-storia-miti-emozioni-libro-max-pezzali/e/9788820086602,False
Altri Editori,https://www.ibs.it/images/9791255600763_0_0_150_0_75.jpg,Jacobin Italia (2026). Vol. 32: Chi ha paura della Gen Z,N/D,Edizioni Alegre,2026,,https://www.ibs.it/jacobin-italia-2026-vol-32-libro-vari/e/9791255600763,False
Altri Editori,https://www.ibs.it/images/9788884999405_0_0_150_0_75.jpg,Sette volte futuro. Un'altra idea di mondo,Barbara Nappini,Slow Food,2026,,https://www.ibs.it/sette-volte-futuro-altra-idea-libro-barbara-nappini/e/9788884999405,False
Altri Editori,https://www.ibs.it/images/9791280048882_0_0_150_0_75.jpg,Difesa del liberalsocialismo,Guido Calogero,Edizioni Società Aperta,2026,,https://www.ibs.it/difesa-del-liberalsocialismo-libro-guido-calogero/e/9791280048882,False
Altri Editori,https://www.ibs.it/images/9791259964885_0_0_150_0_75.jpg,Dov'è la mia pace? Storie migranti,N/D,Terre di Mezzo,2026,,https://www.ibs.it/dov-mia-pace-storie-migranti-libro-vari/e/9791259964885,False
Editori Selezionati,https://www.ibs.it/images/9791257910037_0_0_150_0_75.jpg,Essere pacifista. Per una filosofia e una teologia della nonviolenza,Mauro Bozzetti,Castelvecchi,2026,"La questione che inizialmente si pone a un discorso sulla pace e sulla guerra, dopo più di quattromila anni di esperienze dirette con l’utilizzo di questo mezzo, riguarda la mancanza di memoria storica capace di trattenere nella coscienza delle popolazioni gli aspetti distruttivi che un conflitto porta sempre con sé. Perché le guerre si scelgono, non accadono. Pensare di risolvere oggi i conflitti territoriali, razziali, interreligiosi con la forma di violenza più tremenda che l’uomo ha inventato e perfezionato, politicamente giustificata dal potere di deterrenza e della difesa, è semplicemente sconfortante, apre la porta al nichilismo filosofico. Con quali argomenti l’umanesimo, il personalismo, le proposizioni di credenza, l’imperativo categorico, dovrebbero costituire un monito inaggirabile? Prefazione di Luigi Alfieri.",https://www.ibs.it/essere-pacifista-per-filosofia-teologia-libro-mauro-bozzetti/e/9791257910037,False
Editori Selezionati,https://www.ibs.it/images/9791255691709_0_0_150_0_75.jpg,Assimilazione e antisemitismo razziale: i modelli iberico e tedesco,Yosef Hayim Yerushalmi,Giuntina,2026,"L’antisemitismo razzista non è un’esclusiva del nazismo. È nato prima ed è connesso con l’antigiudaismo cristiano. Non riguarda tutta la cristianità, ma ha un tempo, un luogo e un nome. Il tempo è tra la fine del Quattrocento e l’inizio del Cinquecento, il luogo è la Penisola iberica, il nome è limpieza de sangre. La limpieza de sangre – sostiene Yerushalmi in questo breve quanto brillante saggio – non è equivalente al nazismo, ma presenta aspetti simili: si fonda su una classificazione degli individui che ha come criterio principale il sangue; serve a espellere chi non è considerato uguale; ha lo scopo di proteggere la comunità nazionale da “intrusi”. Perciò non è vero che la Chiesa è l’istituzione che di per sé garantisce che il passaggio tra antigiudaismo e antisemitismo non si risolva in sterminio. Nella storia è già avvenuto. E a chi gli replica che non si possono fare certi paragoni Yerushalmi risponde che i paragoni si fanno non tra cose identiche bensì tra fenomeni che presentano una combinazione di differenze e somiglianze, e che proprio per questo non solo quel confronto è possibile ma anche costruttivo.",https://www.ibs.it/assimilazione-antisemitismo-razziale-modelli-iberico-libro-yosef-hayim-yerushalmi/e/9791255691709,False
Altri Editori,https://www.ibs.it/images/9791255591269_0_0_150_0_75.jpg,Cambiare pelle. Autobiografia di una femminista,Verena Stefan,Casagrande,2026,,https://www.ibs.it/cambiare-pelle-autobiografia-di-femminista-libro-verena-stefan/e/9791255591269,False
Editori Selezionati,https://www.ibs.it/images/9791223801963_0_0_150_0_75.jpg,Occidente o niente. Elogio dell'Atlantismo,Mario Sechi,Piemme,2026,"L'atlantismo non è una formula di politica estera, una collocazione da rinegoziare a ogni stagione secondo convenienza. È l'identità dell'Italia e dell'Occidente: una scelta di civiltà, non di campo. E ogni leader che l'ha tenuta ferma - da Bernabei a Cossiga, da Berlusconi a Meloni - ne ha pagato un prezzo personale. Si negozia, non si vende. Perché è scomoda, e perché ora: il libro arriva nel momento esatto in cui l'America comincia a chiedersi se l'Occidente le convenga ancora, e le due fedeltà - atlantica ed europea - che per settant'anni erano state una cosa sola oggi cominciano a separarsi. La tesi va controcorrente sia rispetto all'antiamericanismo di sinistra sia rispetto al sovranismo che vorrebbe un Occidente à la carte. Mario Sechi non argomenta da una scrivania: testimonia. Scrive solo di ciò che ha visto in prima persona. Lo Studio Ovale, il pranzo con Zelensky e Netanyahu a Palazzo Chigi, la firma di Kissinger a Washington sulle sue memorie, Putin sullo schermo all'alba. Ogni tesi nasce da una scena vissuta e da lì sale all'universale - mai il contrario. Il risultato è un'autorità che non si può simulare: non un'opinione in più sul mondo, ma il racconto di chi c'era.",https://www.ibs.it/occidente-o-niente-elogio-dell-libro-mario-sechi/e/9791223801963,False
Altri Editori,https://www.ibs.it/images/9791222113364_0_0_150_0_75.jpg,Fake Land. Mappa per orientarsi nel mondo delle notizie fasulle,Silvia Bencivelli,Gallucci Bros,2026,,https://www.ibs.it/fake-land-mappa-per-orientarsi-libro-silvia-bencivelli/e/9791222113364,False
Altri Editori,https://www.ibs.it/images/9788892764965_0_0_150_0_75.jpg,"L'amore è tempesta. Romeo e giulietta, una storia universale",Nicola Fano,Elliot,2026,,https://www.ibs.it/amore-tempesta-romeo-giulietta-storia-libro-nicola-fano/e/9788892764965,False
Altri Editori,https://www.ibs.it/images/9788880563112_0_0_150_0_75.jpg,Traumacore. Cronache di una dissociazione femminista,Núria Gómez Gabriel,Produzioni Nero,2026,,https://www.ibs.it/traumacore-cronache-di-dissociazione-femminista-libro-nuria-gomez-gabriel/e/9788880563112,False
Altri Editori,https://www.ibs.it/images/9788869985034_0_0_150_0_75.jpg,In cerca dei giardini delle nostre madri. L'esperienza creativa delle donne,Alice Walker,Sur,2026,,https://www.ibs.it/in-cerca-dei-giardini-delle-libro-alice-walker/e/9788869985034,False
Altri Editori,https://www.ibs.it/images/9788868013936_0_0_150_0_75.jpg,Generazione di vipere. Anatomia dell'ipocrisia moderna,Philip Wylie,Ghibli,2026,,https://www.ibs.it/generazione-di-vipere-anatomia-dell-libro-philip-wylie/e/9788868013936,False
Altri Editori,https://www.ibs.it/images/9788866274384_0_0_150_0_75.jpg,Disarmo climatico. Perché non c’è pace senza giustizia climatica e non c'è clima vivibile senza disarmo,Francesco Vignarca,Edizioni Ambiente,2026,,https://www.ibs.it/disarmo-climatico-perche-non-c-libro-francesco-vignarca/e/9788866274384,False
Editori Selezionati,https://www.ibs.it/images/9788858161111_0_0_150_0_75.jpg,Orazione incivile per la città di Milano,Silvia Ballestra,Laterza,2026,"Che vuoi che sia se ti piazzano 30 piani nel cortile? Se cacciano ‘i pòver' e li sostituiscono con ‘i sciuri'? Se trovare una casa è diventato peggio di una mission impossible? Milan l'è semper chì! È sempre lei, la città più cool dell'orbe terracqueo con i suoi grattacieli, la gente che lavora, la gente che produce. Fatti andare tutto bene, altrimenti föra di ball! Una contro-narrazione feroce e lucidissima sulla Milano del potere, della speculazione e delle vite espulse. Tutto parte da un ascensore. O meglio da una scala tanto stretta da non permettere nemmeno il ‘giro barella'. In un vecchio condominio di Porta Venezia, dove per decenni i bagni sono stati in comune, si apre il conflitto: da una parte le signore ultranovantenni dei primi piani; dall'altra la banda degli ascensoristi e le élite dei piani alti, già proiettate sui traffici dei b&b. Una piccola guerra di pianerottolo che diventa, passo passo, la storia più ampia di una città. Quando nell'estate del 2025 partono le inchieste della procura di Milano, i milanesi scoprono un sistema di potere e ingiustizia di cui avevano già sentore: grattacieli spuntati ovunque, perfino nei cortili, e una nuova razza padrona fatta di squali della finanza e fruitori di eventi effimeri. Parlano una neolingua inzeppata di termini anglosassoni che colonizza subito la politica: il sindaco è un city manager, l'architetto è archistar, lo sfruttamento è inequalities, gli schiavi sono riders. Negli ultimi anni, quasi mezzo milione di milanesi ha lasciato la città. Chi è rimasto assiste sbalordito a prezzi degni di Zurigo, con salari fermi all'Italia di vent'anni fa. Un pamphlet incazzato, sporco e veloce come un vecchio pezzo punk, che è anche una lettera d'amore per una città che è sempre stata accogliente e ricca di possibilità.",https://www.ibs.it/orazione-incivile-per-citta-di-libro-silvia-ballestra/e/9788858161111,False
Altri Editori,https://www.ibs.it/images/9788836165964_0_0_150_0_75.jpg,Serial killer. I volti del male,Gianluca Zanella,DIARKOS,2026,,https://www.ibs.it/serial-killer-volti-del-male-libro-gianluca-zanella/e/9788836165964,False
Editori Selezionati,https://www.ibs.it/images/9788833946870_0_0_150_0_75.jpg,Rosaspina o la bella addormentata,Marie-Louise von Franz,Bollati Boringhieri,2026,"«Un contenuto è morto quando è completamente addormentato». Marie-Louise von Franz rilegge la fiaba della Bella addormentata come una mappa dell'inconscio e della trasformazione femminile. La maledizione della fata esclusa, il fuso, il sonno secolare e il risveglio diventano figure di desiderio, ferita, sessualità e rinascita. Un classico della psicologia junghiana che restituisce alla fiaba la sua forza simbolica e perturbante.",https://www.ibs.it/rosaspina-o-bella-addormentata-libro-marie-louise-von-franz/e/9788833946870,False
Altri Editori,https://www.ibs.it/images/9788830155589_0_0_150_0_75.jpg,La scimmia nuda,Desmond Morris,Bompiani,2026,,https://www.ibs.it/scimmia-nuda-libro-desmond-morris/e/9788830155589,False
Altri Editori,https://www.ibs.it/images/9788822051066_0_0_150_0_75.jpg,Il falso perfetto. Come l'intelligenza artificiale viene usata per truffarci,Emilio Maria D'Angelo,edizioni Dedalo,2026,,https://www.ibs.it/falso-perfetto-come-intelligenza-artificiale-libro-emilio-maria-d-angelo/e/9788822051066,False
Editori Selezionati,https://www.ibs.it/images/9788815397164_0_0_150_0_75.jpg,La politica locale. I livelli di governo nel contesto europeo,"Silvia Bolgherini,Selena Grimaldi,Aldo Paparo",Il Mulino,2026,"Il manuale fornisce un quadro aggiornato della politica locale italiana in chiave comparata focalizzandosi sulla governance multilivello propria dei sistemi politici europei contemporanei. Il volume è articolato in quattro parti. La prima parte individua gli attori della politica locale studiando anche la cultura, i gruppi, i media e l'elettorato; la seconda parte analizza le caratteristiche delle istituzioni: dai partiti alle elezioni locali, fino alle forme e ai modelli di governo; la terza parte mostra le relazioni, sia verticali sia orizzontali, tipiche dei sistemi multilivello: le diverse interazioni istituzionali con il livello nazionale e sovranazionale, il ruolo delle istituzioni intermedie (province, forme di cooperazione intermunicipale, ...); la quarta e ultima parte analizza i processi di output: le politiche territoriali e i servizi pubblici locali, nonché la complessa implementazione delle politiche stesse in un'ottica di commistione fra attori pubblici e privati e i diversi livelli di governo.",https://www.ibs.it/politica-locale-livelli-di-governo-libro-vari/e/9788815397164,False
Editori Selezionati,https://www.ibs.it/images/9788815396730_0_0_150_0_75.jpg,Governabilità. Il grande equivoco delle riforme costituzionali,Roberto Bin,Il Mulino,2026,"Ed è così che la governabilità diventa la tana del coniglio che ci porta nel fantastico mondo dei congegni normativi, ossia delle riforme costituzionali. Ma non sono queste a consentire il risultato della stabilità, è l'assetto dei partiti politici. Di tutti i fattori che concorrono ad alimentare la crisi della governabilità dei sistemi occidentali, nel dibattito italiano pare prioritario solo il problema dell'instabilità politica: anzi, nello specifico, della precarietà dei governi. Eppure, un governo che dura a lungo non necessariamente è un buon governo. D'altra parte, la lunga durata, se non è garanzia della qualità del governo, certo ne è condizione: governi destinati a durare poco metteranno in atto politiche poco impegnative e lungimiranti, e saranno dunque governi da poco. Come uscire da questo vicolo cieco? Come affrontare il problema della governabilità e dell'instabilità di governo in Italia? Secondo Roberto Bin, non servono riforme costituzionali o nuovi meccanismi elettorali: è necessario, invece, ripartire dai partiti e da rules di funzionamento precise e controllate sulla loro formazione, sui loro processi decisionali interni, sul loro finanziamento. Poiché sono i partiti a dare forma alla politica in Italia.",https://www.ibs.it/governabilita-grande-equivoco-delle-riforme-libro-roberto-bin/e/9788815396730,False
Editori Selezionati,https://www.ibs.it/images/9788807493997_0_0_150_0_75.jpg,Volume. Ascoltando il mondo. Il Magazine di Chora Media e Feltrinelli. Vol. 5: Strade,N/D,Feltrinelli,2026,"All'interno: Maurizio Maggiani, Rosella Postorino, Francesco Piccolo, Alessandro D'Avenia, Marina Cuollo, Silvia Nucini, Simone Pieranni, Davide Monteleone, Silvia Bombino, Elena Granata, Paolo Bovio, Giuseppe Pastore, Boosta, Sara Poma, Giulia Mangano, Enrico Brizzi, Kayrosmusic. Una storia italiana: progetto fotografico di TerraProject. Ogni cosa è illuminata: portfolio di Steve McCurry.",https://www.ibs.it/volume-ascoltando-mondo-magazine-di-libro-vari/e/9788807493997,False
Editori Selezionati,https://www.ibs.it/images/9788804811930_0_0_150_0_75.jpg,La società ingovernabile. Genealogia del liberalismo autoritario,Grégoire Chamayou,Mondadori,2026,"Dappertutto ci si ribella. Negli anni Settanta un'ondata di insubordinazione senza precedenti scuote l'Occidente: dai sabotaggi nelle fabbriche alle proteste nei campus, ogni gerarchia - economica, sociale, familiare - viene messa in discussione tanto da spingere intellettuali di destra e di sinistra a diagnosticare un'epocale «crisi di governabilità». Per le élite economiche e tutto il mondo degli affari si tratta di una minaccia mortale. Per scongiurarla e ripristinare la disciplina vengono concepiti nuovi modi di governare, dalla guerra ai sindacati all'imposizione del primato assoluto del valore azionario, dalla detronizzazione della politica alla privatizzazione dei beni pubblici, fino all'erosione dei diritti dei lavoratori. Il neoliberismo non è nato da una semplice «fobia dello Stato» o dal desiderio di liberare il mercato da ogni laccio, ma dal progetto di un «liberalismo autoritario» nel quale la deregolamentazione economica presuppone la verticalizzazione del potere. Uno «Stato forte» per «un'economia libera»: è questa la formula magica che da cinquant'anni modella le nostre società capitaliste e di cui questo libro esplora le radici, con rara ampiezza di sguardo e profondità di analisi.",https://www.ibs.it/societa-ingovernabile-genealogia-del-liberalismo-libro-gregoire-chamayou/e/9788804811930,False
Editori Selezionati,https://www.ibs.it/images/9788804808008_0_0_150_0_75.jpg,L'età della prepotenza. Perché i nuovi imperi sono destinati a fallire,"Edoardo Campanella,Marta Dassù",Mondadori,2026,"Gli imperi non appartengono al passato. Oggi, anche se in modo molto diverso, Stati Uniti, Cina e Russia hanno istinti imperiali. Di tipo territoriale o di tipo economico. Ma le nuove ambizioni imperiali sono in gran parte destinate a fallire. Il risultato è l'età della prepotenza. Definizione che gli autori utilizzano in due sensi: un'età in cui i rapporti di forza prevalgono sulle regole internazionali e in cui le leve di influenza economica sono utilizzate come armi; ma al tempo stesso un'età in cui non esiste più una potenza realmente egemone. Siamo così in una condizione di pre-potenza. E in un sistema internazionale senza centro, con un equilibrio di potere instabile. Stiamo assistendo alla fine della Pax americana ma non alla nascita di una Pax sinica o a un nuovo concerto delle potenze. Sta accadendo qualcosa di diverso: è l'idea stessa di ordine internazionale che viene messa in discussione, in un contesto di multipolarismo caotico e conflittuale, in cui paesi «di mezzo», dall'India alla Turchia, si muovono con una libertà inedita. Prevale il «non ordine»: l'assenza di qualunque ipotesi condivisa di riassetto del sistema globale. Nell'età della prepotenza, la geografia del potere passa attraverso il controllo delle catene del valore e degli snodi strategici. Materiali critici, reti digitali, infrastrutture, tecnologie diventano strumenti di coercizione.",https://www.ibs.it/eta-della-prepotenza-perche-nuovi-libro-edoardo-campanella-marta-dassu/e/9788804808008,False
Altri Editori,https://www.ibs.it/images/9791282501071_0_0_150_0_75.jpg,Aroma di caffé,N/D,Auditorium,2026,,https://www.ibs.it/aroma-di-caffe-libro-vari/e/9791282501071,False
Altri Editori,https://www.ibs.it/images/9791257550844_0_0_150_0_75.jpg,Mediterraneo sistemico. Geopolitica e geointeressi del mare fra le terre,Roberto Bevacqua,Armando Editore,2026,,https://www.ibs.it/mediterraneo-sistemico-geopolitica-geointeressi-del-libro-roberto-bevacqua/e/9791257550844,False
Altri Editori,https://www.ibs.it/images/9788849889864_0_0_150_0_75.jpg,Bimbi trans. Piccoli corpi grandi bugie,Alessandra Arachi,Rubbettino,2026,,https://www.ibs.it/bimbi-trans-piccoli-corpi-grandi-libro-alessandra-arachi/e/9788849889864,False
Altri Editori,https://www.ibs.it/images/9788836203420_0_0_150_0_75.jpg,Il coraggio di fare. L'esperienza della più giovane prima ministra finlandese,Sanna Marin,ROI edizioni,2026,,https://www.ibs.it/coraggio-di-fare-esperienza-della-libro-sanna-marin/e/9788836203420,False
Editori Selezionati,https://www.ibs.it/images/9788815395191_0_0_150_0_75.jpg,"Terza età e qualità della vita. Rappresentazioni sociali, prospettive territoriali e politiche urbane",Letizia Carrera,Il Mulino,2026,"L'invecchiamento della popolazione non è soltanto una trasformazione demografica, ma un mutamento sociale destinato a ridefinire città, politiche di welfare e forme della cittadinanza. L'aumento della longevità e la crescente differenziazione delle condizioni anziane impongono di superare la rappresentazione della terza età come fase residuale, segnata soprattutto dalla fragilità, riconoscendone invece il carattere potenzialmente attivo e ricco di progettualità. Il volume analizza il rapporto tra popolazione anziana, qualità della vita e territorio, assumendo la città come spazio attivo, capace di ampliare o restringere le opportunità dei soggetti. Spazi pubblici, mobilità, prossimità, servizi, abitazione, reti sociali e sicurezza rappresentano dimensioni decisive per elevati livelli di benessere e di qualità della vita. Alla riflessione teorica si affianca una ricerca quanti-qualitativa realizzata nell'ambito del programma nazionale AGE-IT su oltre 1.600 soggetti over 65 residenti in Abruzzo, Emilia-Romagna e Puglia. Ne emerge un quadro complesso nel quale risorse individuali e caratteristiche territoriali interagiscono profondamente influenzando le condizioni e gli esiti dei processi di invecchiamento. Il libro propone, quindi, una lettura del processo di invecchiamento come questione di giustizia territoriale e di democrazia urbana, riconoscendo alle città un ruolo strategico per sostenere la longevità attiva garantendo possibilità differenziate e concrete di scelta, autonomia, relazione e partecipazione.",https://www.ibs.it/terza-eta-qualita-della-vita-libro-letizia-carrera/e/9788815395191,False
Altri Editori,https://www.ibs.it/images/9791281805835_0_0_150_0_75.jpg,"Il paradosso digitale. Perché un modello pensato per liberare le persone sta diventando un sistema di sorveglianza, controllo e monopolio. E come fare per trasformarlo a vantaggio delle persone",Michele Petrocelli,Gambini Editore,2026,,https://www.ibs.it/paradosso-digitale-perche-modello-pensato-libro-michele-petrocelli/e/9791281805835,False
Editori Selezionati,https://www.ibs.it/images/9791222317106_0_0_150_0_75.jpg,Fare e disfare il genere. Nuova ediz.,Judith Butler,Mimesis,2026,"Il libro ""Fare e disfare il genere"" di Judith Butler analizza in modo approfondito le intersezioni tra norma eterosessuale, femminismo, identità di genere e le complessità delle relazioni interpersonali, comprese le unioni tra persone dello stesso sesso. Butler propone una riconsiderazione delle sue precedenti tesi, esaminando il genere non solo come una performance, ma come un processo dialettico di costruzione e decostruzione dell’identità. Questa riflessione attuale sollecita una rivalutazione dei concetti di riconoscimento intersoggettivo, vulnerabilità e autodeterminazione, suggerendo che il modo in cui ci rapportiamo al genere e alle sue manifestazioni influenza profondamente la nostra comprensione del soggetto e delle sue dinamiche sociali.",https://www.ibs.it/fare-disfare-genere-nuova-ediz-libro-judith-butler/e/9791222317106,False
Altri Editori,https://www.ibs.it/images/9788831430487_0_0_150_0_75.jpg,Il bolscevismo contro la civiltà,Lucien Rebatet,ITALIA Storica Edizioni,2026,,https://www.ibs.it/bolscevismo-contro-civilta-libro-lucien-rebatet/e/9788831430487,False
Altri Editori,https://www.ibs.it/images/9791282292221_0_0_150_0_75.jpg,A Piaseinza sum fatt acsé. Ediz. a spirale,Domenica Battaglia,Officine Gutenberg,2026,,https://www.ibs.it/a-piaseinza-sum-fatt-acse-libro-domenica-battaglia/e/9791282292221,False
Altri Editori,https://www.ibs.it/images/9791257850340_0_0_150_0_75.jpg,Sott'acqua,Giovanna Giunti,Betti Editrice,2026,,https://www.ibs.it/sott-acqua-libro-giovanna-giunti/e/9791257850340,False
Editori Selezionati,https://www.ibs.it/images/9791222201238_0_0_150_0_75.jpg,Quello che la notte mi ha insegnato sulla luce,Luca Casadei,Vallardi A.,2026,"Luca Casadei ha passato anni ad ascoltare le ferite degli altri. Con il suo podcast One More Time ha dato voce a chi ha attraversato il dolore cercando una strada per tornare alla luce. Eppure, mentre accoglie i racconti dei suoi ospiti, il suo buio resta lì: silenzioso, radicato, sempre più difficile da ignorare. Finché tutto esplode in un attacco di panico. Da quel momento Luca comprende che non può più limitarsi a osservare la guarigione degli altri: deve entrare nella propria storia, riaprire le stanze che per troppo tempo ha tenuto chiuse. Dalla Francia della sua infanzia alla Brianza, dalle sale dorate dei casinò alle notti di paura, Casadei ripercorre il legame ambivalente con il padre Italo: imprenditore brillante, uomo seducente e fragile, presenza violenta e ingombrante. Un padre amato e temuto, la cui eredità riaffiora nel gioco, nella rabbia, nella ricerca compulsiva del successo e nel terrore di somigliargli. A fare da contrappunto i nonni Angelo e Ida, porto sicuro e modello di un’autorevolezza diversa; i fratelli, compagni d’infanzia prima e di lavoro poi; Samar, la moglie che lo costringe a guardarsi davvero; e i figli, per i quali desidera interrompere ciò che sembra scritto nel sangue.",https://www.ibs.it/quello-che-notte-mi-ha-libro-luca-casadei/e/9791222201238,False
Altri Editori,https://www.ibs.it/images/9791282579131_0_0_150_0_75.jpg,Il significato mondiale del socialismo con caratteristiche cinesi per una nuova era,Jiang Hui,Anteo Edizioni,2026,,https://www.ibs.it/significato-mondiale-del-socialismo-con-libro-jiang-hui/e/9791282579131,False
Altri Editori,https://www.ibs.it/images/9791256651344_0_0_150_0_75.jpg,Noi con te. Storie di relazione nell’educazione degli adolescenti,Daniele Antonio Fontana,Alpes Italia,2026,,https://www.ibs.it/noi-con-te-storie-di-libro-daniele-antonio-fontana/e/9791256651344,False
Altri Editori,https://www.ibs.it/images/9791256155781_0_0_150_0_75.jpg,"Einstein, Israele e il sionismo. Il pensiero dello scienziato tra falsi miti e realtà",Fred Jerome,Meltemi,2026,,https://www.ibs.it/einstein-israele-sionismo-pensiero-dello-libro-fred-jerome/e/9791256155781,False
Altri Editori,https://www.ibs.it/images/9791255541691_0_0_150_0_75.jpg,Difendersi dagli adulti. L'adolescenza come soggetto politico,Michele Arena,Tlon,2026,,https://www.ibs.it/difendersi-dagli-adulti-adolescenza-come-libro-michele-arena/e/9791255541691,False
Altri Editori,https://www.ibs.it/images/9788868399597_0_0_150_0_75.jpg,"Magia popolare nelle valli alpine. Superstizioni, riti e devozione",Fiorenzo Degasperi,Athesia,2026,,https://www.ibs.it/magia-popolare-nelle-valli-alpine-libro-fiorenzo-degasperi/e/9788868399597,False
Altri Editori,https://www.ibs.it/images/9788842569565_0_0_150_0_75.jpg,"La bellezza violata. Intelligence e criminologia contro archeomafie, traffici d’arte, falsi e vandalismo",Andrea Pellegrino,Mursia,2026,,https://www.ibs.it/bellezza-violata-intelligence-criminologia-contro-libro-andrea-pellegrino/e/9788842569565,False
Altri Editori,https://www.ibs.it/images/9788835194194_0_0_150_0_75.jpg,"Pubblicità oltre l'Occidente. Linguaggi, tendenze e figure della creatività globale",Giuseppe Mazza,Franco Angeli,2026,,https://www.ibs.it/pubblicita-oltre-occidente-linguaggi-tendenze-libro-giuseppe-mazza/e/9788835194194,False
Altri Editori,https://www.ibs.it/images/9788835193951_0_0_150_0_75.jpg,Il medIAtore. Logica e strumenti della comunicazione e della reputazione ai tempi dell'Intelligenza Artificiale,Daniele Chieffi,Franco Angeli,2026,,https://www.ibs.it/mediatore-logica-strumenti-della-comunicazione-libro-daniele-chieffi/e/9788835193951,False
Altri Editori,https://www.ibs.it/images/9788835193883_0_0_150_0_75.jpg,Maltrattamento all'infanzia: buone pratiche di prevenzione e cura,N/D,Franco Angeli,2026,,https://www.ibs.it/maltrattamento-all-infanzia-buone-pratiche-libro-vari/e/9788835193883,False
Editori Selezionati,https://www.ibs.it/images/9788815397676_0_0_150_0_75.jpg,Mare. Una metafora che vive,Roberto Escobar,Il Mulino,2026,"Nei racconti, nel cinema, nel mito, nella filosofia, nella cultura popolare, nell'immaginario diffuso il mare è una somma di significati collettivi e individuali in continua metamorfosi: una metafora non astratta né pedante, ma immediata e materiale. Il movimento inarrestabile delle sue onde riflette e moltiplica le nostre paure, ma anche e soprattutto il nostro desiderio di perderci nella sua sconfinata alterità per raggiungere terre inesplorate e verità insospettate. La navigazione tra i tanti anfratti di questa metafora muove dalla meraviglia di un ragazzino che cammina lungo una battigia accesa di sole. Un ragazzo in cui è fin troppo facile riconoscere l'autore, con i suoi ricordi, i suoi stupori e la fascinazione per il mondo perduto. Più tardi, ormai adulto, ritroverà il mare raccontato dalla grande letteratura e dai grandi navigatori del pensiero.",https://www.ibs.it/mare-metafora-che-vive-libro-roberto-escobar/e/9788815397676,False
Editori Selezionati,https://www.ibs.it/images/9788815393531_0_0_150_0_75.jpg,Sociologia dell’economia digitale,"Davide Arcidiacono,Laura Sartori",Il Mulino,2026,"Negli ultimi cinquant'anni i processi di automazione, digitalizzazione e piattaformizzazione hanno preparato la strada per far emergere una forma di economia sempre più centrata sulle tecnologie digitali e sulle infrastrutture ad esse correlate. Nello studio della trasformazione digitale in corso si confrontano diversi approcci teorico-analitici. In un panorama così complesso e variegato di analisi e ricerche, questo manuale è il primo a fornire un percorso selettivo, guidato e orientato per lo studio delle tecnologie digitali e del loro impatto sulla trasformazione socioeconomica. È indicato sia per i corsi triennali sia per i corsi magistrali che hanno introdotto nei piani di studio la riflessione su tecnologia e innovazione digitale e sulle loro ricadute sul piano sociale, economico, delle organizzazioni e del lavoro.",https://www.ibs.it/sociologia-dell-economia-digitale-libro-davide-arcidiacono-laura-sartori/e/9788815393531,False
Altri Editori,https://www.ibs.it/images/9791281995222_0_0_150_0_75.jpg,Uno sguardo dal fronte. Ediz. ampliata,Fulvio Grimaldi,L.A.D. Edizioni,2026,,https://www.ibs.it/sguardo-dal-fronte-ediz-ampliata-libro-fulvio-grimaldi/e/9791281995222,False
Altri Editori,https://www.ibs.it/images/9791280361622_0_0_150_0_75.jpg,Un altro giro,Maria Agnese Stigliano,Capovolte,2026,,https://www.ibs.it/altro-giro-libro-maria-agnese-stigliano/e/9791280361622,False
Altri Editori,https://www.ibs.it/images/9791259992635_0_0_150_0_75.jpg,Antologia repubblicana,Ludovico Camangi,All Around,2026,,https://www.ibs.it/antologia-repubblicana-libro-ludovico-camangi/e/9791259992635,False
Altri Editori,https://www.ibs.it/images/9791259756381_0_0_150_0_75.jpg,Tutti a casa. Storie di accoglienza nel progetto Rifugio Diffuso,"Magda Bolzoni,Davide Donatiello",Tau,2026,,https://www.ibs.it/tutti-a-casa-storie-di-libro-magda-bolzoni-davide-donatiello/e/9791259756381,False
Altri Editori,https://www.ibs.it/images/9791259756305_0_0_150_0_75.jpg,"Narrazioni di pace. Voci, idee e pratiche per un mondo senza guerra","Laura Tussi,Fabrizio Cracolici",Tau,2026,,https://www.ibs.it/narrazioni-di-pace-voci-idee-libro-laura-tussi-fabrizio-cracolici/e/9791259756305,False
Altri Editori,https://www.ibs.it/images/9791259532244_0_0_150_0_75.jpg,Officina. Vol. 53: Supernaturale,N/D,Anteferma Edizioni,2026,,https://www.ibs.it/officina-vol-53-supernaturale-libro-vari/e/9791259532244,False
Altri Editori,https://www.ibs.it/images/9791257012571_0_0_150_0_75.jpg,"Asia maior (2025). Vol. 36: Asia in 2025: Great power rivalry, contested polities, and global disorder",N/D,Viella,2026,,https://www.ibs.it/asia-maior-2025-vol-36-libro-vari/e/9791257012571,True
Altri Editori,https://www.ibs.it/images/9791256953967_0_0_150_0_75.jpg,Concorso Comune Napoli 110 funzionari 24 educatori professionali. Manuale,N/D,Nld Concorsi,2026,,https://www.ibs.it/concorso-comune-napoli-110-funzionari-libro-vari/e/9791256953967,False
Altri Editori,https://www.ibs.it/images/9791256953950_0_0_150_0_75.jpg,Concorso Comune di Napoli 110 funzionari 35 psicologi. Manuale di teoria,N/D,Nld Concorsi,2026,,https://www.ibs.it/concorso-comune-di-napoli-110-libro-vari/e/9791256953950,False
Altri Editori,https://www.ibs.it/images/9791256953943_0_0_150_0_75.jpg,Concorso Comune di Napoli 110 funzionari 51 assistenti sociali. Manuale,N/D,Nld Concorsi,2026,,https://www.ibs.it/concorso-comune-di-napoli-110-libro-vari/e/9791256953943,False
Altri Editori,https://www.ibs.it/images/9791256731664_0_0_150_0_75.jpg,Samurai,Philippe Charlier,L'Ippocampo,2026,,https://www.ibs.it/samurai-libro-philippe-charlier/e/9791256731664,True
Altri Editori,https://www.ibs.it/images/9791256730292_0_0_150_0_75.jpg,"Sciamani. Le arti dell'animismo, guarigioni e viaggi in altre dimensioni",Max Carocci,L'Ippocampo,2026,,https://www.ibs.it/sciamani-arti-dell-animismo-guarigioni-libro-max-carocci/e/9791256730292,True
Altri Editori,https://www.ibs.it/images/9791256352005_0_0_150_0_75.jpg,"Democrazia, empatia, narrativa letteraria",Nicoletta Chieregato,Edizioni Junior,2026,,https://www.ibs.it/democrazia-empatia-narrativa-letteraria-libro-nicoletta-chieregato/e/9791256352005,False
Altri Editori,https://www.ibs.it/images/9791254825372_0_0_150_0_75.jpg,L'uomo politecnico. Riflessioni antropologiche ed etiche di fronte alle sfide dell'«intelligenza» artificiale,N/D,Edusc,2026,,https://www.ibs.it/uomo-politecnico-riflessioni-antropologiche-ed-libro-vari/e/9791254825372,False
Altri Editori,https://www.ibs.it/images/9791254622216_0_0_150_0_75.jpg,Appunti per un sovranismo responsabile,Alessandro Scipioni,Passaggio al Bosco,2026,,https://www.ibs.it/appunti-per-sovranismo-responsabile-libro-alessandro-scipioni/e/9791254622216,False
Altri Editori,https://www.ibs.it/images/9791223622087_0_0_150_0_75.jpg,A.I. Fiducia nei mass media? Come la gentilezza ci rende liberi,Chiara Organzini,Gruppo Albatros Il Filo,2026,,https://www.ibs.it/ai-fiducia-nei-mass-media-libro-chiara-organzini/e/9791223622087,False
Altri Editori,https://www.ibs.it/images/9788893855372_0_0_150_0_75.jpg,Manuale di preparazione all'esame di stato per assistenti sociali. Albo A,Nadia Anzalone,Esculapio,2026,,https://www.ibs.it/manuale-di-preparazione-all-esame-libro-nadia-anzalone/e/9788893855372,True
Altri Editori,https://www.ibs.it/images/9788893189781_0_0_150_0_75.jpg,Lo vide e ne ebbe compassione. Riflessioni sulla sofferenza e il dolore,Luca Tosoni,Edizioni Segno,2026,,https://www.ibs.it/vide-ne-ebbe-compassione-riflessioni-libro-luca-tosoni/e/9788893189781,False
Altri Editori,https://www.ibs.it/images/9788867893058_0_0_150_0_75.jpg,Il meglio deve ancora venire,"Ruben Abbattista,Andrea Conti,Marco Corbo",CELID,2026,,https://www.ibs.it/meglio-deve-ancora-venire-libro-vari/e/9788867893058,False
Altri Editori,https://www.ibs.it/images/9788857255576_0_0_150_0_75.jpg,Crossing borders. Popoli in movimento. Ediz. italiana e inglese,N/D,Skira,2026,,https://www.ibs.it/crossing-borders-popoli-in-movimento-libro-vari/e/9788857255576,True
Altri Editori,https://www.ibs.it/images/9788855234146_0_0_150_0_75.jpg,Imprese di pace. Capriole di business per ripensare l'economia delle relazioni,Franco Vaccari,Aboca Edizioni,2026,,https://www.ibs.it/imprese-di-pace-capriole-di-libro-franco-vaccari/e/9788855234146,False
Altri Editori,https://www.ibs.it/images/9788850503827_0_0_150_0_75.jpg,"Concorso VFI. Volontari in ferma prefissata iniziale. Esercito, Marina e Aeronautica. Manuale completo per la preparazione alle prove concorsuali. Con software con oltre 16.000 quiz. Con videolezioni di logica",N/D,Nissolino,2026,,https://www.ibs.it/concorso-vfi-volontari-in-ferma-libro-vari/e/9788850503827,False
Altri Editori,https://www.ibs.it/images/9788846776419_0_0_150_0_75.jpg,L'Io del cane. Saggio di Psicoetoantropologia,Giovanni Arigliani,Edizioni ETS,2026,,https://www.ibs.it/io-del-cane-saggio-di-libro-giovanni-arigliani/e/9788846776419,False
Editori Selezionati,https://www.ibs.it/images/9788845428913_0_0_150_0_75.jpg,Eroi. Le grandi saghe della mitologia greca,Giorgio Ieranò,Sonzogno,2026,"La sfida col Minotauro nel labirinto, la testa tagliata di Medusa, l'impresa degli Argonauti, Orfeo che scende nell'Aldilà per salvare la donna amata: i miti eroici dell'antica Grecia sono un caleidoscopio di racconti infiniti e stupefacenti. Ma anche un repertorio di favole orrende e bizzarre. Medea che uccide i suoi stessi figli. Edipo che ammazza il padre e poi si unisce con la madre. Eracle che abbandona le sue fatiche per ingozzarsi di arrosti e di dolci. Teseo che, invece di salvare le fanciulle, le stupra. L'eroe greco aveva molti lati oscuri. Era una creatura smisurata, un essere prodigioso, eccessivo nel suo furore e nelle sue passioni. E non sempre era arruolato al servizio del Bene: stava piuttosto oltre il Bene e il Male, oltre tutte le regole e le leggi dell'umano. Era venerato come lo sono oggi i nostri santi patroni. Si raccoglievano le sue reliquie, si portavano offerte sulla sua tomba. Ma soprattutto ci si divertiva a narrare le sue imprese in forme sempre diverse e sempre nuove. Nei miti eroici si trova la matrice di tutte le narrazioni future. Ci sono amori, avventure, intrighi, prodigi, mostri. Ci sono viaggi fino alla fine del mondo e love-stories che sfidano anche la morte. Tutto quello che ancora oggi ci appassiona e ci commuove quando leggiamo un romanzo o guardiamo un film, i greci lo avevano già narrato nei loro miti.",https://www.ibs.it/eroi-grandi-saghe-della-mitologia-libro-giorgio-ierano/e/9788845428913,True
Altri Editori,https://www.ibs.it/images/9788836251650_0_0_150_0_75.jpg,"L'arte di connettersi. Intervento integrato sulla disregolazione emotiva nell'adulto autistico, ADHD e plusdotato",Roberta G. Di Pasquale,Giovanni Fioriti Editore,2026,,https://www.ibs.it/arte-di-connettersi-intervento-integrato-libro-roberta-g-di-pasquale/e/9788836251650,True
Altri Editori,https://www.ibs.it/images/9788835194101_0_0_150_0_75.jpg,"Il valore economico della cultura. Risorse, mercati, strategie e politiche in una società molteplice",Michele Trimarchi,Franco Angeli,2026,,https://www.ibs.it/valore-economico-della-cultura-risorse-libro-michele-trimarchi/e/9788835194101,False
Altri Editori,https://www.ibs.it/images/9788835194026_0_0_150_0_75.jpg,Bambini nel mondo digitale. Come proteggere il percorso di crescita nei primi anni di vita del bambino,"Laura Piccinino,Carla Santa Maria",Franco Angeli,2026,,https://www.ibs.it/bambini-nel-mondo-digitale-come-libro-laura-piccinino-carla-santa-maria/e/9788835194026,False
Altri Editori,https://www.ibs.it/images/9788835193760_0_0_150_0_75.jpg,"Offline. Il potere dell'Intelligenza Artigianale, nell'era degli algoritmi",Diego Fontana,Franco Angeli,2026,,https://www.ibs.it/offline-potere-dell-intelligenza-artigianale-libro-diego-fontana/e/9788835193760,False
Altri Editori,https://www.ibs.it/images/9788835193586_0_0_150_0_75.jpg,Intercultura e decolonialità in educazione,"Anita Gramigna,Camilla Boschi",Franco Angeli,2026,,https://www.ibs.it/intercultura-decolonialita-in-educazione-libro-anita-gramigna-camilla-boschi/e/9788835193586,False
Editori Selezionati,https://www.ibs.it/images/9788834363874_0_0_150_0_75.jpg,Vita e pensiero (2026). Vol. 4,N/D,Vita e Pensiero,2026,,https://www.ibs.it/vita-pensiero-2026-vol-4-libro-vari/e/9788834363874,False
Altri Editori,https://www.ibs.it/images/9788833818603_0_0_150_0_75.jpg,Altraparola. Come si può essere siciliani?,N/D,Edizioni Efesto,2026,,https://www.ibs.it/altraparola-come-si-puo-essere-libro-vari/e/9788833818603,False
Altri Editori,https://www.ibs.it/images/9788822269768_0_0_150_0_75.jpg,Scritti di antropologia medica,Tullio Seppilli,Olschki,2026,,https://www.ibs.it/scritti-di-antropologia-medica-libro-tullio-seppilli/e/9788822269768,False
Altri Editori,https://www.ibs.it/images/9791281749252_0_0_150_0_75.jpg,Dietro lo shōji. Atlante del perturbante giapponese,Omar Serafini,iDobloni del Covo della Ladra,2026,,https://www.ibs.it/dietro-shoji-atlante-del-perturbante-libro-omar-serafini/e/9791281749252,True
Altri Editori,https://www.ibs.it/images/9791280228246_0_0_150_0_75.jpg,People Raising index. Il manuale per la gestione dei volontari,Raffaele Picilli,Elena Zanella,2026,,https://www.ibs.it/people-raising-index-manuale-per-libro-raffaele-picilli/e/9791280228246,False
Altri Editori,https://www.ibs.it/images/9791224093558_0_0_150_0_75.jpg,Dall'etere alla rete. Storia e forme della radiofonia,Gianni Di Giuseppe,Youcanprint,2026,,https://www.ibs.it/dall-etere-alla-rete-storia-libro-gianni-di-giuseppe/e/9791224093558,False
Altri Editori,https://www.ibs.it/images/9791221511017_0_0_150_0_75.jpg,La scuola speciale per bibliotecari e archivisti paleografi di Firenze,Martino Floriano,Firenze University Press,2026,,https://www.ibs.it/scuola-speciale-per-bibliotecari-archivisti-libro-martino-floriano/e/9791221511017,True
Altri Editori,https://www.ibs.it/images/9791255242604_0_0_150_0_75.jpg,O rei está nu: diário do coronavírus,Raphael Salomão Khéde,Sette città,2026,,https://www.ibs.it/o-rei-esta-nu-diario-libro-raphael-salomao-khede/e/9791255242604,True
Altri Editori,https://www.ibs.it/images/9791224731160_0_0_150_0_75.jpg,Progetto Artichoke. I primi esperimenti della CIA sul controllo della mente umana. Una storia documentata dei primi programmi di controllo comportamentale della Guerra Fredda,Nathaniel B. Carver,StreetLib,2026,,https://www.ibs.it/progetto-artichoke-primi-esperimenti-della-libro-nathaniel-b-carver/e/9791224731160,True
Editori Selezionati,https://www.ibs.it/images/9791222335469_0_0_150_0_75.jpg,Antropologia pubblica (2026). Vol. 1,N/D,Mimesis,2026,,https://www.ibs.it/antropologia-pubblica-2026-vol-1-libro-vari/e/9791222335469,False
Altri Editori,https://www.ibs.it/images/9788898509867_0_0_150_0_75.jpg,Giulio Maceratini. 10 lezioni di politica sempre attuali,N/D,Fergen,2026,,https://www.ibs.it/giulio-maceratini-10-lezioni-di-libro-vari/e/9788898509867,True
Altri Editori,https://www.ibs.it/images/9788832265552_0_0_150_0_75.jpg,La voce delle donne iraniane,Simone de Beauvoir,Farinaeditore,2026,,https://www.ibs.it/voce-delle-donne-iraniane-libro-simone-de-beauvoir/e/9788832265552,False
Altri Editori,https://www.ibs.it/images/9791282579124_0_0_150_0_75.jpg,Scenari internazionali. Rivista di affari globali (2026). Vol. 39: Mezzo secolo di legami,N/D,Anteo Edizioni,2026,,https://www.ibs.it/scenari-internazionali-rivista-di-affari-libro-vari/e/9791282579124,False
Altri Editori,https://www.ibs.it/images/9791281143715_0_0_150_0_75.jpg,Terrore Antifa. L’eversione rossa che minaccia l’Occidente,Roberto Lobosco,Idrovolante Edizioni,2026,,https://www.ibs.it/terrore-antifa-eversione-rossa-che-libro-roberto-lobosco/e/9791281143715,False
Altri Editori,https://www.ibs.it/images/9791257470746_0_0_150_0_75.jpg,"Integrità, fiducia e cura per la nuova Pubblica Amministrazione",N/D,CASA NON CLASSIFICATA,2026,,https://www.ibs.it/integrita-fiducia-cura-per-nuova-libro-vari/e/9791257470746,False
Altri Editori,https://www.ibs.it/images/9788855324106_0_0_150_0_75.jpg,Tecniche del laboratorio biologico e farmaceutico,"Giuseppina Catanzaro,Vincenzo Mattei",Minerva Medica,2026,,https://www.ibs.it/tecniche-del-laboratorio-biologico-farmaceutico-libro-giuseppina-catanzaro-vincenzo-mattei/e/9788855324106,False
Altri Editori,https://www.ibs.it/images/9788855212540_0_0_150_0_75.jpg,Rifugio digitale. Ediz. inglese,N/D,Forma Edizioni,2026,,https://www.ibs.it/rifugio-digitale-ediz-inglese-libro-vari/e/9788855212540,False
Altri Editori,https://www.ibs.it/images/9788855212038_0_0_150_0_75.jpg,Rifugio digitale,N/D,Forma Edizioni,2026,,https://www.ibs.it/rifugio-digitale-libro-vari/e/9788855212038,False
Altri Editori,https://www.ibs.it/images/9788831476713_0_0_150_0_75.jpg,Pomigliano d'Arco: cinquecento anni di tradizioni popolari. Un patrimonio nelle mani dei giovani,Marco Melito,Wojtek,2026,,https://www.ibs.it/pomigliano-d-arco-cinquecento-anni-libro-marco-melito/e/9788831476713,False
Altri Editori,https://www.ibs.it/images/9791298643512_0_0_150_0_75.jpg,SLOP. Sull'estetica del XXI secolo,N/D,Edizioni Iconografie,2026,,https://www.ibs.it/slop-sull-estetica-del-xxi-libro-vari/e/9791298643512,False
Altri Editori,https://www.ibs.it/images/9791259785220_0_0_150_0_75.jpg,Uomini e alberi nella cultura popolare della Romagna,Eraldo Baldini,Il Ponte Vecchio,2026,,https://www.ibs.it/uomini-alberi-nella-cultura-popolare-libro-eraldo-baldini/e/9791259785220,False
Altri Editori,https://www.ibs.it/images/9791298592339_0_0_150_0_75.jpg,Homo Mediocris. La medietà nella società contemporanea,Diego Han,Lekton Edizioni,2026,,https://www.ibs.it/homo-mediocris-medieta-nella-societa-libro-diego-han/e/9791298592339,False
Altri Editori,https://www.ibs.it/images/9791298512528_0_0_150_0_75.jpg,Una carezza alla volta. Storie vere di amore e resilienza nel mondo animale e umano,"Roberta Biancalani,Caterina Brancatisano,Sabatina Pisaneschi",Associazione '9cento,2026,,https://www.ibs.it/carezza-alla-volta-storie-vere-libro-vari/e/9791298512528,True
Altri Editori,https://www.ibs.it/images/9791282042468_0_0_150_0_75.jpg,Oltre il bancone. Il misbehaviour nella realtà organizzativa dei bar padovani,Arianna Cesandri,Edizioni Epoké,2026,,https://www.ibs.it/oltre-bancone-misbehaviour-nella-realta-libro-arianna-cesandri/e/9791282042468,False
Altri Editori,https://www.ibs.it/images/9791282042147_0_0_150_0_75.jpg,Paesaggio: percezione e realtà dei luoghi. Storia pubblica delle comunità,N/D,Edizioni Epoké,2026,,https://www.ibs.it/paesaggio-percezione-realta-dei-luoghi-libro-vari/e/9791282042147,True
Altri Editori,https://www.ibs.it/images/9791259785275_0_0_150_0_75.jpg,Giovanni Spadolini. Una certa idea di democrazia. Nei cento anni dalla nascita,N/D,Il Ponte Vecchio,2026,,https://www.ibs.it/giovanni-spadolini-certa-idea-di-libro-vari/e/9791259785275,False
Altri Editori,https://www.ibs.it/images/9791259785206_0_0_150_0_75.jpg,"Confini. Arte, letteratura, storia e cultura della Romagna antica e contemporanea. Vol. 83",N/D,Il Ponte Vecchio,2026,,https://www.ibs.it/confini-arte-letteratura-storia-cultura-libro-vari/e/9791259785206,False
Altri Editori,https://www.ibs.it/images/9791257850449_0_0_150_0_75.jpg,Olga Monsani. 1891-1983. Una vita per la libertà e l'emancipazione femminile,Stefano Bisi,Betti Editrice,2026,,https://www.ibs.it/olga-monsani-1891-1983-vita-libro-stefano-bisi/e/9791257850449,True
Altri Editori,https://www.ibs.it/images/9791256025787_0_0_150_0_75.jpg,Concorso Comune di Napoli 51 assistenti sociali: manuale per la prova scritta. Con software di simulazione. Con tutor virtuale,N/D,Edises professioni & concorsi,2026,,https://www.ibs.it/concorso-comune-di-napoli-51-libro-vari/e/9791256025787,True
Altri Editori,https://www.ibs.it/images/9791221829167_0_0_150_0_75.jpg,Conspiracy theories on radical telegram channels. Computational linguistics applied to text analysis,Heidi Campana Piva,Aracne (Genzano di Roma),2026,,https://www.ibs.it/conspiracy-theories-on-radical-telegram-libro-heidi-campana-piva/e/9791221829167,False
Altri Editori,https://www.ibs.it/images/9791221826098_0_0_150_0_75.jpg,"La perenne attualità della Regula Benedicti per una società ordinata, sostenibile e pacifica. Atti del convegno di Fossanova",N/D,Aracne (Genzano di Roma),2026,,https://www.ibs.it/perenne-attualita-della-regula-benedicti-libro-vari/e/9791221826098,False
Altri Editori,https://www.ibs.it/images/9788896069950_0_0_150_0_75.jpg,Roma città solare. La rivoluzione dal basso,N/D,Themis,2026,,https://www.ibs.it/roma-citta-solare-rivoluzione-dal-libro-vari/e/9788896069950,True
Altri Editori,https://www.ibs.it/images/9788866873310_0_0_150_0_75.jpg,East and West. Nuova serie (2026). Vol. 7,N/D,Scienze e Lettere,2026,,https://www.ibs.it/east-and-west-nuova-serie-libro-vari/e/9788866873310,False
Altri Editori,https://www.ibs.it/images/9788864406015_0_0_150_0_75.jpg,Il socialismo nazionalista di Hitler. La Germania nazista contro il capitalismo,Rainer Zitelmann,IBL Libri,2026,,https://www.ibs.it/socialismo-nazionalista-di-hitler-germania-libro-rainer-zitelmann/e/9788864406015,False
Editori Selezionati,https://www.ibs.it/images/9788858161708_0_0_150_0_75.jpg,La memoria della Terra. Un viaggio geologico attraverso l'Italia,Alessandro Iannace,Laterza,2026,"Ogni roccia è un archivio. Ogni parete, ogni scogliera, ogni guglia custodisce una storia di centinaia di milioni di anni, scritta in un linguaggio che pochissimi sanno leggere. Un viaggio in 12 tappe che ci farà osservare il paesaggio italiano con occhi diversi. Perché la bellezza che conoscevate era solo la superficie. L'Italia è uno scrigno. Ma non solo per le sue chiese, i suoi musei, i suoi borghi medievali. Sotto ogni montagna, dentro ogni scogliera, lungo ogni gola di questa penisola si nasconde qualcosa di più antico e di più misterioso: la memoria viva della Terra, scritta nelle rocce per centinaia di milioni di anni. Alessandro Iannace ci porta in 12 luoghi d'Italia –dalle guglie delle Dolomiti alle scogliere bianche della Scala dei Turchi, dalle coste sarde alle vette appenniniche –e ci insegna a guardarli con occhi nuovi: non solo come paesaggi da ammirare, ma come monumenti della storia del pianeta. Partiremo dalle formazioni più giovani (in senso geologico: si parla pur sempre di migliaia e migliaia di anni) e proseguiremo verso le più antiche, esplorando un abisso temporale vertiginoso. Con pochi strumenti visivi e spiegazioni rigorose ma mai aride, conosceremo regole semplici che cambiano il modo di guardare il paesaggio. Non serve alcuna preparazione scientifica. Serve solo la curiosità di chi si ferma, guarda e vuole capire. E la disponibilità a stupirsi: perché quello che le rocce raccontano è una storia che nessun monumento costruito dall'uomo potrà mai eguagliare. Un libro che non si limita a spiegare il paesaggio italiano: lo farà anche amare di più.",https://www.ibs.it/memoria-della-terra-viaggio-geologico-libro-alessandro-iannace/e/9788858161708,False
Editori Selezionati,https://www.ibs.it/images/9788815392732_0_0_150_0_75.jpg,Il pezzo mancante. Il nucleare nel puzzle dell'energia,"Chicco Testa,Giuseppe Zollino",Il Mulino,2026,"Possiamo permetterci una strategia energetica globale che escluda il nucleare? Elettricità per case, uffici, scuole e ospedali. Energia per alimentare data center sempre più grandi e sistemi di condizionamento necessari in un clima che cambia e diventa sempre più imprevedibile. E poi trasporti, industrie. Il fabbisogno di energia affidabile, continua e sostenibile sia dal punto di vista economico sia ambientale è destinato a crescere in modo esponenziale nei prossimi anni. E mentre milioni di persone nel mondo non vi hanno ancora accesso stabile, appare sempre più evidente che le fonti rinnovabili, in particolare quelle variabili come solare ed eolico, non possono essere l'unica risposta. A completare il puzzle energetico di domani serve il nucleare. Ecco la tesi di questo libro, basata su dati ed evidenze tanto politico-economiche quanto tecnico-scientifiche. In queste pagine, due autori con percorsi e competenze complementari fondono questi aspetti per arrivare a una visione comune che tiene conto delle disuguaglianze energetiche e delle sfide della transizione verde, nonché delle tecnologie nucleari contemporanee e future. Senza sottrarsi all'ascolto delle preoccupazioni pubbliche su costi reali, sicurezza e gestione delle scorie radioattive.",https://www.ibs.it/pezzo-mancante-nucleare-nel-puzzle-libro-chicco-testa-giuseppe-zollino/e/9788815392732,False
Editori Selezionati,https://www.ibs.it/images/9788817202992_0_0_150_0_75.jpg,Unspecial. Smettere di essere straordinari per tornare a vivere,Andrea Bariselli,Rizzoli,2026,"Viviamo immersi in una cultura che ci ha convinti che essere speciali sia un dovere morale. Sin da piccoli, ci sentiamo ripetere: «Trova la tua voce», «Segui il tuo sogno», «Distinguiti dalla massa». Ci muoviamo nel mondo come se dovessimo dimostrare costantemente di valere più della media, come se il nostro posto fosse in bilico fino a quando non riusciamo a spiccare. E se invece un bel giorno ci dicessero che non siamo speciali? Che la nostra vita, i nostri sogni, persino il nostro dolore sono più comuni di quanto crediamo. E che è questo comune sentire a renderci umani, tutti, in una rete di connessioni emotive infinita. ""Unspecial"" è un saggio pop che nasce dalla stanchezza di dover trasformare ogni piccolo accadimento in qualcosa di straordinario, ogni esperienza in un racconto, in una storia social o, peggio in una performance. Intrecciando psicologia, neuroscienze, filosofia, esperienza clinica e racconto personale, e con il taglio divulgativo che lo ha reso così apprezzato, Andrea Bariselli ci ricorda l'importanza di apprezzare ciò che abbiamo: la natura, i gesti semplici, quotidiani, ripetuti, le persone che ci sono vicine. Perché è nello scrivere le parole a mano e non su una tastiera, nel prendersi il tempo per preparare un sugo che deve cuocere ore, nel passeggiare in un bosco ascoltandone i suoni, nel leggere un libro e persino nel non far nulla, nella noia, che possiamo trovare la felicità. E realizzare che ciò che conta davvero raramente coincide con ciò che appare eccezionale.",https://www.ibs.it/unspecial-smettere-di-essere-straordinari-libro-andrea-bariselli/e/9788817202992,False
Altri Editori,https://www.ibs.it/images/9791255963585_0_0_150_0_75.jpg,Intelligenza artigianale. Manifesto per una vita qualitativa,Nicola Perullo,Luiss University Press,2026,,https://www.ibs.it/intelligenza-artigianale-manifesto-per-vita-libro-nicola-perullo/e/9791255963585,False
Altri Editori,https://www.ibs.it/images/9788846774798_0_0_150_0_75.jpg,Saggi di epistemologia e storia delle scienze,Georges Canguilhem,Edizioni ETS,2026,,https://www.ibs.it/saggi-di-epistemologia-storia-delle-libro-georges-canguilhem/e/9788846774798,False
Altri Editori,https://www.ibs.it/images/9788822057129_0_0_150_0_75.jpg,Giovanni Schiaparelli da Milano a Marte. La nascita della planetologia e i canali marziani,Mario Carpino,edizioni Dedalo,2026,,https://www.ibs.it/giovanni-schiaparelli-da-milano-a-libro-mario-carpino/e/9788822057129,False
Altri Editori,https://www.ibs.it/images/9788831485265_0_0_150_0_75.jpg,Perdersi nella natura. Cinque saggi sulla natura selvaggia,John Muir,Hoppípolla Edizioni,2026,,https://www.ibs.it/perdersi-nella-natura-cinque-saggi-libro-john-muir/e/9788831485265,False
Editori Selezionati,https://www.ibs.it/images/9791221222203_0_0_150_0_75.jpg,La vita segreta degli elementi. 52 elementi chimici con una storia da raccontare,Kathryn Harkup,UTET,2026,"Sono in molti a sostenere che tra le cause del crollo dell’impero romano ci sia il piombo: onnipresente tra vini e acquedotti, l’elemento traditore avvelenò lentamente i nostri antenati. È una teoria dibattuta, ma non ci sono dubbi sul fatto che gli elementi chimici influenzino il nostro mondo molto più di quanto pensiamo. Al tungsteno, e alla sua ostinatezza, si devono le prime lampadine che illuminarono le case vittoriane. Il carattere ambivalente del cloro è stato la causa di numerose morti in guerra come di altrettante guarigioni, ed è grazie all’affabilità dello stagno se nel Quattrocento si sviluppò la stampa. E per le banconote degli euro, be’, il merito non può essere che dell’europio. Dietro a un aspetto rigoroso, la tavola periodica nasconde un mondo alquanto movimentato, affollato di vicende strabilianti e intricate relazioni, tra fiammate, esplosioni e mirabolanti passaggi di stato. Più impari a conoscerli, più ti accorgi che ogni elemento possiede un suo carattere: come in una grande famiglia, ci sono lo svitato e il piantagrane, la vecchia diva e l’ultimo arrivato, il tranquillone e il pollice verde, la coppia di inseparabili e i due che è meglio tenere lontani. Kathryn Harkup raccoglie le “vite” uniche di 52 elementi, muovendosi tra aneddoti storici e particolari scientifici con umorismo e chiarezza. Che siate appassionati o che abbiate conosciuto la tavola periodica solo sui libri di scuola, ""La vita segreta degli elementi"" farà sfolgorare la chimica in una luce tutta nuova.",https://www.ibs.it/vita-segreta-degli-elementi-52-libro-kathryn-harkup/e/9791221222203,False
Editori Selezionati,https://www.ibs.it/images/9788832859102_0_0_150_0_75.jpg,"La medicina delle reti. Big data, intelligenza artificiale e nuove cure",Lorenzo Farina,Raffaello Cortina Editore,2026,"La medicina promette da anni cure sempre più precise e personalizzate. Eppure le grandi malattie del nostro tempo – cancro, diabete, Alzheimer, malattie cardiovascolari – continuano a sfuggire a questa promessa. Nonostante il successo del Progetto Genoma, l’enorme quantità di dati biologici oggi disponibili e i progressi dell’intelligenza artificiale, infatti, molte terapie funzionano solo per alcuni pazienti, mentre altre si rivelano inefficaci. Perché ogni individuo è diverso e ogni malattia è il risultato di una combinazione unica di fattori. Intrecciando biologia, matematica, filosofia della scienza e pratica clinica, l’autore mette in discussione i presupposti che hanno guidato la ricerca biomedica negli ultimi decenni: il determinismo genetico, l’idea che i Big Data possano da soli spiegare la complessità del vivente e la fiducia nell’intelligenza artificiale come soluzione universale. La proposta è un cambio di paradigma: la medicina delle reti. Un approccio che integra dati, competenze cliniche e modelli matematici in una visione capace di cogliere le relazioni tra geni, molecole, cellule e ambiente. La promessa non è quella di una cura valida per tutti, ma di una medicina finalmente capace di comprendere la complessità di ogni paziente e di costruire terapie davvero personalizzate.",https://www.ibs.it/medicina-delle-reti-big-data-libro-lorenzo-farina/e/9788832859102,False
Altri Editori,https://www.ibs.it/images/9788822063601_0_0_150_0_75.jpg,L'equilibrio possibile. Governare la crisi ambientale nell'Antropocene,N/D,edizioni Dedalo,2026,,https://www.ibs.it/equilibrio-possibile-governare-crisi-ambientale-libro-vari/e/9788822063601,False
Altri Editori,https://www.ibs.it/images/9788846775870_0_0_150_0_75.jpg,Cento anni in compagnia dell'atomo. Una breve storia del nucleare,Lorenzo Pinna,Edizioni ETS,2026,,https://www.ibs.it/cento-anni-in-compagnia-dell-libro-lorenzo-pinna/e/9788846775870,False
Altri Editori,https://www.ibs.it/images/9791256155620_0_0_150_0_75.jpg,Ecologie digitali e media ecologici. Il rapporto tra ambiente e digitale nella società contemporanea,Stefano Oricchio,Meltemi,2026,,https://www.ibs.it/ecologie-digitali-media-ecologici-rapporto-libro-stefano-oricchio/e/9791256155620,False
Editori Selezionati,https://www.ibs.it/images/9788858059661_0_0_150_0_75.jpg,Piccolo taccuino di fisica illustrata. L'Universo in tasca,Massimo Temporelli,Gribaudo,2026,"Un taccuino vivo, vissuto, personale: così Massimo Temporelli trasforma formule, leggi e teorie della fisica in un viaggio visivo e narrativo che sorprende, incuriosisce e invita a guardare ciò che ci circonda con occhi nuovi. Questo non è un semplice libro di divulgazione, ma un oggetto da esplorare, interamente costruito attorno alle pagine illustrate a mano dall’autore, ognuna delle quali è affiancata da “lezioni” chiare e coinvolgenti. Attraverso quattro percorsi – Oggetti di uso quotidiano, Leggi fondamentali della fisica, Matematica e Curiosità scientifiche – scoprirete che la fisica è davvero ovunque: nella moka, in un popcorn, in un giradischi, nelle forme dei capelli e nelle onde che attraversano l’Universo.",https://www.ibs.it/piccolo-taccuino-di-fisica-illustrata-libro-massimo-temporelli/e/9788858059661,False
Altri Editori,https://www.ibs.it/images/9788823824102_0_0_150_0_75.jpg,Dai dati alle decisioni. Un’introduzione alla statistica applicata,"Raffaella Piccarreta,Daniele Tonini,Filippo Trentini",EGEA,2026,,https://www.ibs.it/dai-dati-alle-decisioni-introduzione-libro-vari/e/9788823824102,False
Altri Editori,https://www.ibs.it/images/9781962679855_0_0_150_0_75.jpg,Clinical echocardiography in dogs and cats,"Serena Corsara,Sonja Fonfara",Edra,2026,,https://www.ibs.it/clinical-echocardiography-in-dogs-and-libro-serena-corsara-sonja-fonfara/e/9781962679855,False
Altri Editori,https://www.ibs.it/images/9791223623169_0_0_150_0_75.jpg,La scienza dell'acqua. Saggio di economia,Carlo Frateschi,Gruppo Albatros Il Filo,2026,,https://www.ibs.it/scienza-dell-acqua-saggio-di-libro-carlo-frateschi/e/9791223623169,False
Altri Editori,https://www.ibs.it/images/9788893855365_0_0_150_0_75.jpg,Matematica con elementi di Statistica,Carlo Petronio,Esculapio,2026,,https://www.ibs.it/matematica-con-elementi-di-statistica-libro-carlo-petronio/e/9788893855365,False
Altri Editori,https://www.ibs.it/images/9788891684417_0_0_150_0_75.jpg,Handbook of electromagnetics,"Carlo Riva,Gian Guido Gentili",Maggioli Editore,2026,,https://www.ibs.it/handbook-of-electromagnetics-libro-carlo-riva-gian-guido-gentili/e/9788891684417,False
Altri Editori,https://www.ibs.it/images/9788855132480_0_0_150_0_75.jpg,Modelli relazioni strutture. Una introduzione ai modelli di equazioni strutturali,Claudio Barbaranelli,LED Edizioni Universitarie,2026,,https://www.ibs.it/modelli-relazioni-strutture-introduzione-ai-libro-claudio-barbaranelli/e/9788855132480,False
Altri Editori,https://www.ibs.it/images/9788835194545_0_0_150_0_75.jpg,Dieci brevi lezioni di zootecnica,Giuseppe Pulina,Franco Angeli,2026,,https://www.ibs.it/dieci-brevi-lezioni-di-zootecnica-libro-giuseppe-pulina/e/9788835194545,False
Altri Editori,https://www.ibs.it/images/9788835194408_0_0_150_0_75.jpg,Oltre la green economy. Il valore del blu. Le nuove sfide della rendicontazione di sostenibilità,Romilda Mazzotta,Franco Angeli,2026,,https://www.ibs.it/oltre-green-economy-valore-del-libro-romilda-mazzotta/e/9788835194408,False
Editori Selezionati,https://www.ibs.it/images/9791255970613_0_0_150_0_75.jpg,Sperimentare la fisica. Corso di laboratorio elementare con analisi avanzata,"Gianlorenzo Bussetti,Marcello Campione,Antonino Pietropaolo",UTET Università,2026,"Le leggi della fisica classica sono il risultato di sintesi di un lungo processo di misure ed esperimenti avvenuto per opera di scienziati dai tempi di Galileo a oggi. Molto spesso i ricercatori del passato hanno lavorato con strumenti più rudimentali di quelli oggi a disposizione e senza l’ausilio di potenti macchine di calcolo. Nonostante ciò, gli esperimenti allora concepiti e realizzati hanno raggiunto livelli di accuratezza e precisione tali da permettere l’enunciazione o la verifica delle leggi della fisica. Sperimentare la Fisica invita a questo tipo di attività: eseguire veri esperimenti attraverso strumenti semplici che consentono di avere coscienza del livello di accuratezza e precisione raggiungibile; sfruttare metodi di elaborazione avanzata dei dati raccolti, simili a quelli adottati nella moderna ricerca scientifica sperimentale. Questo manuale fornisce una guida puntuale a esperienze di laboratorio di fisica, consentendo un’integrazione sperimentale dei corsi istituzionali su base prevalentemente teorica.",https://www.ibs.it/sperimentare-fisica-corso-di-laboratorio-libro-vari/e/9791255970613,False
Altri Editori,https://www.ibs.it/images/9791224800040_0_0_150_0_75.jpg,"Rette numeriche quadratiche, le impalcature matematiche che guidano la fattorizzazione dei numeri naturali",Filippo Giordano,Youcanprint,2026,,https://www.ibs.it/rette-numeriche-quadratiche-impalcature-matematiche-libro-filippo-giordano/e/9791224800040,True
Altri Editori,https://www.ibs.it/images/9791224091226_0_0_150_0_75.jpg,"Atlante critico dei peptidi: tra farmaci, promesse sperimentali, mercato grigio e sicurezza d'uso",Matteo Marziali,Youcanprint,2026,,https://www.ibs.it/atlante-critico-dei-peptidi-tra-libro-matteo-marziali/e/9791224091226,False
Altri Editori,https://www.ibs.it/images/9791282467056_0_0_150_0_75.jpg,Sicc series CBRNe conference 2026. Book of abstracts,N/D,Texmat,2026,,https://www.ibs.it/sicc-series-cbrne-conference-2026-libro-vari/e/9791282467056,False
Altri Editori,https://www.ibs.it/images/9788875884734_0_0_150_0_75.jpg,Concetto e uso dei modelli nella scienza greca antica,Fabio Acerbi,Petite Plaisance,2026,,https://www.ibs.it/concetto-uso-dei-modelli-nella-libro-fabio-acerbi/e/9788875884734,False
Altri Editori,https://www.ibs.it/images/9788822925442_0_0_150_0_75.jpg,"Elogio delle vagabonde. Erbe, arbusti e fiori alla conquista del mondo",Gilles Clément,Quodlibet,2026,,https://www.ibs.it/elogio-delle-vagabonde-erbe-arbusti-libro-gilles-clement/e/9788822925442,False
Altri Editori,https://www.ibs.it/images/9791298670020_0_0_150_0_75.jpg,Il ritmo della vita biologica e le sue forme,Giovanni Pietro Barabino,GPB-ED,2026,,https://www.ibs.it/ritmo-della-vita-biologica-sue-libro-giovanni-pietro-barabino/e/9791298670020,False
Altri Editori,https://www.ibs.it/images/9791259785268_0_0_150_0_75.jpg,L'unità perduta. Causalità e non separabilità tra Leonardo e l'entanglement,"Franco Pollini,Gino Tarozzi",Il Ponte Vecchio,2026,,https://www.ibs.it/unita-perduta-causalita-non-separabilita-libro-franco-pollini-gino-tarozzi/e/9791259785268,False
Altri Editori,https://www.ibs.it/images/9791224338291_0_0_150_0_75.jpg,Funghi. Dai boschi di Fiemme alla scienza del futuro,"Il Micologo Delle Dolomiti,Paolo Bonelli,Elsa Danzi",Pro Loco di Castello-Molina di Fiemme aps,2026,,https://www.ibs.it/funghi-dai-boschi-di-fiemme-libro-vari/e/9791224338291,False
Altri Editori,https://www.ibs.it/images/9791221828634_0_0_150_0_75.jpg,Esperienze e cultura del viaggio. Nuovi metodi e identità turistica,N/D,Aracne (Genzano di Roma),2026,,https://www.ibs.it/esperienze-cultura-del-viaggio-nuovi-libro-vari/e/9791221828634,False
Altri Editori,https://www.ibs.it/images/9788888909608_0_0_150_0_75.jpg,Il canto del ragù. Antichi sapori e profumi della vita per cullarsi tra memoria e riflessioni ambientaliste all'intima ricerca di noi stessi,Antonio Ricciardi,Stango Editore,2026,,https://www.ibs.it/canto-del-ragu-antichi-sapori-libro-antonio-ricciardi/e/9788888909608,False
Altri Editori,https://www.ibs.it/images/9791255751472_0_0_150_0_75.jpg,Le cose in natura semplicemente crescono,Li Yiyun,NN Editore,2026,,https://www.ibs.it/cose-in-natura-semplicemente-crescono-libro-li-yiyun/e/9791255751472,False
Editori Selezionati,https://www.ibs.it/images/9788804813675_0_0_150_0_75.jpg,Il dilemma del porcospino. Vivere davvero le relazioni senza ferirsi,Francesco Boz,Mondadori,2026,"""È una giornata gelida. Un gruppo di porcospini, per non morire di freddo, si stringe tra sé. Stare vicini è l'unico modo per scaldarsi. Il problema è che più si avvicinano più si pungono con gli aculei. Allora si allontanano. Ma il freddo torna insopportabile. Così si riavvicinano, ma meno. E si pungono anche meno. Di nuovo si allontanano un po'. E anche il freddo non è più così acuto. Dopo vari tentativi, trovano la distanza giusta: non così vicini da ferirsi, non così lontani da congelare. Una distanza che funziona. Ecco, benvenuti nelle relazioni umane."" I porcospini sono la metafora che Arthur Schopenhauer ha usato per parlare degli esseri umani: abbiamo bisogno degli altri, ma gli altri ci irritano, ci invadono, ci deludono, ci feriscono. Da soli soffriamo il freddo dell'isolamento; troppo vicini soffriamo il dolore dell'attrito. Passiamo così la vita a regolare la distanza, e lo facciamo nei modi più svariati: attraverso messaggi, parole, segnali fisici, sguardi... In una relazione non basta provare desiderio, attrazione, nostalgia, compatibilità, chimica, amore. Nella vita reale le relazioni sono una questione di spazio. Lo spazio che scegliamo di condividere e lo spazio che vogliamo mantenere personale. Amare è l'arte di imparare a non usare i nostri aculei come armi, e di non pretendere che l'altro si strappi i suoi, pur di starci accanto. Il problema di questo dilemma è che la risposta cambia ogni minuto. Francesco Boz, psicologo e docente universitario, in questo libro ci aiuta con esempi, teorie e consigli pratici a capire che in ogni relazione ognuno trova benefici e costi diversi, in perenne bilico tra la voglia di avvicinarsi e il timore di essere ferito. Da quando smettiamo di essere due sconosciuti fino a quando teniamo viva la relazione, dovremo faticare perché i benefici siano maggiori dei costi. La persona giusta in sé non esiste: tutti abbiamo freddo e tutti abbiamo gli aculei.",https://www.ibs.it/dilemma-del-porcospino-vivere-davvero-libro-francesco-boz/e/9788804813675,False
Altri Editori,https://www.ibs.it/images/9788833144504_0_0_150_0_75.jpg,Aspettando te. Guida per una gravidanza serena,Chiara Gregori,Becco Giallo,2026,,https://www.ibs.it/aspettando-te-guida-per-gravidanza-libro-chiara-gregori/e/9788833144504,False
Altri Editori,https://www.ibs.it/images/9788857311586_0_0_150_0_75.jpg,"Il ritmo della vita. Lo yangsheng cinese per ritrovare equilibrio tra corpo, emozioni e natura",Laura Vanni,Red Edizioni,2026,,https://www.ibs.it/ritmo-della-vita-yangsheng-cinese-libro-laura-vanni/e/9788857311586,False
Altri Editori,https://www.ibs.it/images/9788892923751_0_0_150_0_75.jpg,Il microbiota materno e la salute del nascituro. Come la vita si programma dall’intestino della mamma al cervello del bambino,Ida Ferrara,Santelli Editore,2026,,https://www.ibs.it/microbiota-materno-salute-del-nascituro-libro-ida-ferrara/e/9788892923751,False
Altri Editori,https://www.ibs.it/images/9791256650842_0_0_150_0_75.jpg,Kitchen therapy. Ricette per l'inconscio,Francesca Mamo,Alpes Italia,2026,,https://www.ibs.it/kitchen-therapy-ricette-per-inconscio-libro-francesca-mamo/e/9791256650842,False
Editori Selezionati,https://www.ibs.it/images/9788820086138_0_0_150_0_75.jpg,"Il cambiamento sei tu. Il mio metodo per allenare corpo, mente e volontà",Martina Colombari,Sperling & Kupfer,2026,"Tenacia, disciplina, consapevolezza: ecco, in sintesi, gli ingredienti del benessere per Martina Colombari, che in queste pagine offre alle sue lettrici tutti gli strumenti per affrontare col sorriso il tempo che passa e mantenersi sane a lungo. Senza la pretesa di sostituirsi a professionisti qualificati, ma guidata dal confronto imprescindibile con i migliori specialisti della salute e dello stile di vita, questo libro raccoglie le strategie che compongono il «metodo Colombari»: un percorso pratico e motivazionale pensato per accompagnare ognuna di noi verso una conoscenza profonda di sé e un'idea di salute che vada oltre l'assenza di malattia. Nutrizione, movimento, sonno, gestione dello stress, equilibrio emotivo e psicologico sono solo alcuni degli elementi che si intrecciano per dare forma al nostro benessere, che altro non è che un atto di «sacrificio», da intendere nel suo senso più autentico ed etimologico di fare il sacro: per sé stesse, cioè per il proprio corpo e per la propria mente. Il cambiamento sei tu non è un semplice slogan, piuttosto un invito sincero a prendere in mano la nostra vita e fare di noi il primo e più grande strumento di prevenzione.",https://www.ibs.it/cambiamento-sei-tu-mio-metodo-libro-martina-colombari/e/9788820086138,False
Editori Selezionati,https://www.ibs.it/images/9788845427657_0_0_150_0_75.jpg,L'arte di voltare pagina. Come scrivere il prossimo capitolo della tua vita,Stefania Brucini,Sonzogno,2026,"Ti è mai capitato di guardare la tua vita e sentire che non ti somiglia più? Un lavoro, una relazione, un obiettivo inseguito a lungo: sulla carta funziona, eppure senti che qualcosa non torna. Non è necessariamente una crisi, né tantomeno un fallimento. Succede perché l’esistenza non è una storia immutabile, da decidere una volta per tutte: è una sequenza di capitoli, e come tale può essere riletta, trasformata, riscritta. È da questa idea che parte Stefania Brucini, fondatrice del metodo Simple Tiny Shifts®, che in questo libro intreccia strumenti di life design, esercizi pratici e le storie emblematiche di quattro personaggi in diverse fasi della loro vita: Marta, che viaggia da troppo tempo con il pilota automatico; Maurizio, costretto a ripensarsi dopo aver lasciato ruolo e carriera; Elena, intrappolata in un successo che le sta stretto; Tommaso, diviso tra la paura di scegliere e il desiderio di autenticità. Pagina dopo pagina, seguendo i tre pilastri di Identità, Visione e Azione, imparerai a capire chi sei oggi, quali valori ti orientano e quali parti di te chiedono spazio, ad allenare la capacità di immaginare futuri possibili, e infine a trasformare la tua nuova consapevolezza in scelte concrete, sostenibili, quotidiane.",https://www.ibs.it/arte-di-voltare-pagina-come-libro-stefania-brucini/e/9788845427657,False
Editori Selezionati,https://www.ibs.it/images/9791223802212_0_0_150_0_75.jpg,Il codice segreto del corpo. Come leggere i segnali del volto e del fisico per comprendere il carattere e le emozioni,Simone Buonavita,Piemme,2026,"Il nostro corpo comunica attraverso il volto, la postura, la forma degli occhi, e persino attraverso piccoli dettagli che consideriamo insignificanti. E se quei segni raccontassero molto più del nostro aspetto? Se rivelassero il nostro carattere, il modo in cui affrontiamo la vita, le emozioni, i nostri punti di forza e persino le aree in cui siamo più vulnerabili? In questo libro Simone Buonavita accompagna il lettore alla scoperta del Metodo Goodlife, un approccio innovativo che integra psicosomatica, fisiognomica e medicina tradizionale cinese per imparare a osservare il corpo come una mappa ricca di informazioni. Attraverso esempi concreti, spiegazioni accessibili e un sistema di lettura progressivo, rivela come ogni tratto fisico possa offrire indizi sulle predisposizioni caratteriali, sui meccanismi di reazione allo stress, sulle emozioni che influenzano il benessere e sulle possibili fragilità da conoscere per prendersi maggiore cura di sé. Decifrare il linguaggio di questi segnali e comprendere il significato simbolico degli organi consente una lettura profonda di sé stessi e degli altri, migliorando le relazioni, anticipando gli squilibri e costruendo un percorso di benessere più consapevole.",https://www.ibs.it/codice-segreto-del-corpo-come-libro-simone-buonavita/e/9791223802212,False
Altri Editori,https://www.ibs.it/images/9791222113968_0_0_150_0_75.jpg,Perché le diete ci fanno ingrassare,Shahroo Izadi,Gallucci Centauria,2026,,https://www.ibs.it/perche-diete-ci-fanno-ingrassare-libro-shahroo-izadi/e/9791222113968,False
Altri Editori,https://www.ibs.it/images/9788893908573_0_0_150_0_75.jpg,Lercio spiega robe. Come sopravvivere al lavoro,Lercio Lo sporco che fa notizia,SEM,2026,,https://www.ibs.it/lercio-spiega-robe-come-sopravvivere-libro-lercio-lo-sporco-che-fa-notizia/e/9788893908573,False
Altri Editori,https://www.ibs.it/images/9788857311548_0_0_150_0_75.jpg,Anatomia & tonificazione senza attrezzi. Una guida completa con tavole anatomiche e routine di allenamento per diversi livelli,Guillermo Seijas,Red Edizioni,2026,,https://www.ibs.it/anatomia-tonificazione-senza-attrezzi-guida-libro-guillermo-seijas/e/9788857311548,False
Altri Editori,https://www.ibs.it/images/9788827605783_0_0_150_0_75.jpg,Non buttare quel seme! 40 idee per far crescere frutta e verdura da scarti e avanzi di cucina. Ediz. a colori,Simon Akeroyd,Il Castello,2026,,https://www.ibs.it/non-buttare-quel-seme-40-libro-simon-akeroyd/e/9788827605783,False
Altri Editori,https://www.ibs.it/images/9788867099559_0_0_150_0_75.jpg,A tavola senza stress! La selettività alimentare nell'autismo,"Giovanni Guazzo,Consiglia Nappo",Anicia (Roma),2026,,https://www.ibs.it/a-tavola-senza-stress-selettivita-libro-giovanni-guazzo-consiglia-nappo/e/9788867099559,False
Altri Editori,https://www.ibs.it/images/9788854063792_0_0_150_0_75.jpg,365 pensieri mindfulness,N/D,White Star,2026,,https://www.ibs.it/365-pensieri-mindfulness-libro-vari/e/9788854063792,False
Altri Editori,https://www.ibs.it/images/9788848181587_0_0_150_0_75.jpg,Gli zeri che contano. Un nuovo modo per strutturare aziende eccellenti,Leonardo Milani,Tecniche Nuove,2026,,https://www.ibs.it/zeri-che-contano-nuovo-modo-libro-leonardo-milani/e/9788848181587,False
Altri Editori,https://www.ibs.it/images/2000000132686_0_0_150_0_75.jpg,Quando l’amore non basta. Copia autografata,Enzo Miccio,Cairo,2026,,https://www.ibs.it/quando-amore-non-basta-copia-libro-enzo-miccio/e/2000000132686,False
Altri Editori,https://www.ibs.it/images/9788833558486_0_0_150_0_75.jpg,Shrink. Dr. Yowai medico psichiatra. Vol. 13,Jin Nanami,Dynit Manga,2026,,https://www.ibs.it/shrink-dr-yowai-medico-psichiatra-libro-jin-nanami/e/9788833558486,False
Altri Editori,https://www.ibs.it/images/9788897921929_0_0_150_0_75.jpg,Chetogenica per l'anima. Rimettersi in forma tra l'ossessione del corpo e la fame di senso,Roberto Marchesini,Il Timone,2026,,https://www.ibs.it/chetogenica-per-anima-rimettersi-in-libro-roberto-marchesini/e/9788897921929,False
Altri Editori,https://www.ibs.it/images/9791255942245_0_0_150_0_75.jpg,"Diventare invisibili. Strategie per sparire fisicamente, virtualmente e fiscalmente. Guida pratica per mettere al sicuro i propri averi e salvarsi dalle ingiustizie del sistema. Nuova ediz.",Francesco Narmenni,Edizioni Il Punto d'Incontro,2026,,https://www.ibs.it/diventare-invisibili-strategie-per-sparire-libro-francesco-narmenni/e/9791255942245,False
Altri Editori,https://www.ibs.it/images/9791256651214_0_0_150_0_75.jpg,Non ho parole. Il cancro del genitore raccontato ai figli. Dalla teoria alla pratica,"Lisa Renieri,Maria Esposito Ziello",Alpes Italia,2026,,https://www.ibs.it/non-ho-parole-cancro-del-libro-lisa-renieri-maria-esposito-ziello/e/9791256651214,False
Altri Editori,https://www.ibs.it/images/9791281794740_0_0_150_0_75.jpg,"Oltre l'abitare. Il libro diverso per chi vuole vivere, amare, trasformare i luoghi con occhi nuovi",Caterina Locati,GDL,2026,,https://www.ibs.it/oltre-abitare-libro-diverso-per-libro-caterina-locati/e/9791281794740,False
Altri Editori,https://www.ibs.it/images/9791255571360_0_0_150_0_75.jpg,Un'amante da paura. Storia vera di una dipendenza chiamata ossessione,Franco Candusso,Editrice Tipografia Baima-Ronchetti,2026,,https://www.ibs.it/amante-da-paura-storia-vera-libro-franco-candusso/e/9791255571360,True
Altri Editori,https://www.ibs.it/images/9788893189774_0_0_150_0_75.jpg,Enneagramma e meditazione. Gli enneatipi e la vita spirituale,"Marcello Stanzione,Patrizia Malaspina",Edizioni Segno,2026,,https://www.ibs.it/enneagramma-meditazione-enneatipi-vita-spirituale-libro-marcello-stanzione-patrizia-malaspina/e/9788893189774,False
Altri Editori,https://www.ibs.it/images/9788892702011_0_0_150_0_75.jpg,Il linguaggio sonoro delle cellule. Biosonologia: il suono come strumento di trattamento e autotrattamento tra vibroacustica contemporanea e medicina cinese tradizionale,Domenico Sciajno,Psiche 2,2026,,https://www.ibs.it/linguaggio-sonoro-delle-cellule-biosonologia-libro-domenico-sciajno/e/9788892702011,False
Editori Selezionati,https://www.ibs.it/images/9788892251601_0_0_150_0_75.jpg,Suicidio e comunione dei santi,Rhonda Mawhood Lee,San Paolo Edizioni,2026,"Il suicidio di chi amiamo lascia dietro di sé domande che spesso resistono a ogni tentativo di risposta immediata. Il tema interroga la fede, mette alla prova il linguaggio della Chiesa e induce a considerare entro i confini dell'esperienza del lutto spinte contrastanti, che derivano dal senso di colpa, dalla rabbia dell'incomprensione, ma anche dalla compassione e dalla speranza instancabile nella misericordia divina. Rhonda Mawhood Lee affronta il tema del suicidio nel contesto della tradizione cristiana, ripercorrendo gli insegnamenti ecclesiali che nei secoli hanno cercato di fornire riferimenti e interrogandosi sulla loro validità per i credenti di oggi. L'autrice, da pastora e da figlia sopravvissuta a un evento suicidario, propone una prospettiva cristiana che rimetta al centro la promessa della risurrezione e la solidarietà all'interno della comunione dei santi, con l'obiettivo di superare le letture semplicistiche o puramente colpevolizzanti del suicidio. Scostandosi con forza dalla tentazione diffusa di pronunciare giudizi, in queste pagine trova spazio la possibilità di riconoscere il dolore che conduce a una morte volontaria, senza rinunciare a custodire il valore della vita umana né perdere mai la fiducia nella misericordia di Dio.",https://www.ibs.it/suicidio-comunione-dei-santi-libro-rhonda-mawhood-lee/e/9788892251601,False
Altri Editori,https://www.ibs.it/images/9788842571315_0_0_150_0_75.jpg,"Grafologia e psicopatologie. Narcisismo, ossessione e violenza tra le righe",Candida Livatino,Mursia,2026,,https://www.ibs.it/grafologia-psicopatologie-narcisismo-ossessione-violenza-libro-candida-livatino/e/9788842571315,False
Altri Editori,https://www.ibs.it/images/9788835187592_0_0_150_0_75.jpg,Neurodivergenza: capire e valorizzare i propri punti di forza. Pratiche di self-compassion per persone autistiche e ADHD. Per una vita autentica e autodeterminata,"Jennifer Kemp,Monique Mitchelson",Franco Angeli,2026,,https://www.ibs.it/neurodivergenza-capire-valorizzare-propri-punti-libro-jennifer-kemp-monique-mitchelson/e/9788835187592,False
Altri Editori,https://www.ibs.it/images/9788833249193_0_0_150_0_75.jpg,"Ben di stomaco. Medicina e nutrizione per dire addio a reflusso, ernia jatale e gastrite. Ediz. ampliata","Andrea Zanoni,Pietro Buffa",Minerva Edizioni (Bologna),2026,,https://www.ibs.it/ben-di-stomaco-medicina-nutrizione-libro-andrea-zanoni-pietro-buffa/e/9788833249193,False
Altri Editori,https://www.ibs.it/images/9788828539421_0_0_150_0_75.jpg,"Coerenza cardiaca 365. 3 volte al giorno, 6 volte al minuto, 5 minuti. I benefici della respirazione cosciente",David O'Hare,Macro Edizioni,2026,,https://www.ibs.it/coerenza-cardiaca-365-3-volte-libro-david-o-hare/e/9788828539421,False
Altri Editori,https://www.ibs.it/images/9791224346708_0_0_150_0_75.jpg,"Più energia. Meno stress. Come ritrovare calma, chiarezza e benessere nella vita quotidiana",Birgit Grupp-Fischer,Autopubblicato,2026,,https://www.ibs.it/piu-energia-meno-stress-come-libro-birgit-grupp-fischer/e/9791224346708,False
Altri Editori,https://www.ibs.it/images/9791223622339_0_0_150_0_75.jpg,L'oro nelle crepe. Sognare la pienezza tra le mani dell'artigiano,Nazzarena Giacomelli,Gruppo Albatros Il Filo,2026,,https://www.ibs.it/oro-nelle-crepe-sognare-pienezza-libro-nazzarena-giacomelli/e/9791223622339,False
Altri Editori,https://www.ibs.it/images/9791223621967_0_0_150_0_75.jpg,Il sorriso che illumina il tramonto,Deborah Peluso,Gruppo Albatros Il Filo,2026,,https://www.ibs.it/sorriso-che-illumina-tramonto-libro-deborah-peluso/e/9791223621967,False
Altri Editori,https://www.ibs.it/images/9788828529101_0_0_150_0_75.jpg,Il manuale dell'argilla. Scopri e impara a usare le straordinarie qualità di un antico e potente rimedio popolare,Giuseppe Ferraro,Macro Edizioni,2026,,https://www.ibs.it/manuale-dell-argilla-scopri-impara-libro-giuseppe-ferraro/e/9788828529101,False
Altri Editori,https://www.ibs.it/images/9788825060850_0_0_150_0_75.jpg,"Famiglie ferite. Separati, divorziati e risposati a dieci anni da «Amoris laetitia»",Oliviero Svanera,EMP - Edizioni Messaggero Padova,2026,,https://www.ibs.it/famiglie-ferite-separati-divorziati-risposati-libro-oliviero-svanera/e/9788825060850,False
Altri Editori,https://www.ibs.it/images/9791281014237_0_0_150_0_75.jpg,Il sentiero dell'elefante. Come riscoprire lo scopo della propria vita e viverlo con equilibrio,Andrea Stella,La Rìa,2026,,https://www.ibs.it/sentiero-dell-elefante-come-riscoprire-libro-andrea-stella/e/9791281014237,False
Altri Editori,https://www.ibs.it/images/9791257622862_0_0_150_0_75.jpg,Il posto fisso sei tu. Controllo di gestione. MCDA: misura il tuo margine. Calcola il tuo EBITA. Differenziati. Adeguati assetti,Carlo Romano,Bookness,2026,,https://www.ibs.it/posto-fisso-sei-tu-controllo-libro-carlo-romano/e/9791257622862,False
Altri Editori,https://www.ibs.it/images/9791224800385_0_0_150_0_75.jpg,"La famiglia che non ti aspettavi. Crescere con un figlio con disabilità: emozioni, risorse e diritti",Cristina De Filippis,Youcanprint,2026,,https://www.ibs.it/famiglia-che-non-ti-aspettavi-libro-cristina-de-filippis/e/9791224800385,False
Altri Editori,https://www.ibs.it/images/9791224095446_0_0_150_0_75.jpg,Tutte le volte che non mi sono sposata (...e quella in cui non avrei dovuto farlo),Alessandra Di Romano,Youcanprint,2026,,https://www.ibs.it/tutte-volte-che-non-mi-libro-alessandra-di-romano/e/9791224095446,False
Altri Editori,https://www.ibs.it/images/9791224093800_0_0_150_0_75.jpg,Per fortuna non è successo niente,Laura Iannece,Youcanprint,2026,,https://www.ibs.it/per-fortuna-non-successo-niente-libro-laura-iannece/e/9791224093800,False
Altri Editori,https://www.ibs.it/images/9791224079804_0_0_150_0_75.jpg,Io voglio essere di più,Simone Pomero,Youcanprint,2026,,https://www.ibs.it/io-voglio-essere-di-piu-libro-simone-pomero/e/9791224079804,False
Altri Editori,https://www.ibs.it/images/9791223623220_0_0_150_0_75.jpg,Trent’anni che non mi conosco. Il viaggio per diventare finalmente me stesso,Salvatore Arena,Gruppo Albatros Il Filo,2026,,https://www.ibs.it/trent-anni-che-non-mi-libro-salvatore-arena/e/9791223623220,False
Altri Editori,https://www.ibs.it/images/9791256694358_0_0_150_0_75.jpg,Padri e-voluti. Un cambio di paradigma,Maurizio Biscuola,Tab edizioni,2026,,https://www.ibs.it/padri-voluti-cambio-di-paradigma-libro-maurizio-biscuola/e/9791256694358,True
Altri Editori,https://www.ibs.it/images/9791224730712_0_0_150_0_75.jpg,Fisco amico per creativi. Manuale pratico e completo per creativi: come avviare una attività e vendere le tue creazioni senza e con partita IVA,Carmen Fantasia,StreetLib,2026,,https://www.ibs.it/fisco-amico-per-creativi-manuale-libro-carmen-fantasia/e/9791224730712,True
Altri Editori,https://www.ibs.it/images/9788868694876_0_0_150_0_75.jpg,Fragile. Vivere con la Sindrome di Noonan,Cristina Giuriolo,Supernova,2026,,https://www.ibs.it/fragile-vivere-con-sindrome-di-libro-cristina-giuriolo/e/9788868694876,False
Altri Editori,https://www.ibs.it/images/9791298668706_0_0_150_0_75.jpg,Metodo EXE. Il sistema per superare l’execution gap e trasformare ciò che vuoi fare in ciò che fai davvero,Tony Margiotta,EXE,2026,,https://www.ibs.it/metodo-exe-sistema-per-superare-libro-tony-margiotta/e/9791298668706,False
Altri Editori,https://www.ibs.it/images/9791282431019_0_0_150_0_75.jpg,La banca finanzierà ancora la tua impresa? La dipendenza digitale può bloccare il tuo accesso al credito: come misurarla e proteggerti,Gianfranco Sardaro,Traifin Edizioni,2026,,https://www.ibs.it/banca-finanziera-ancora-tua-impresa-libro-gianfranco-sardaro/e/9791282431019,False
Altri Editori,https://www.ibs.it/images/9791282269117_0_0_150_0_75.jpg,"Ansia, ossessioni e altri affanni. Una guida semplice per orientarsi nei disturbi psicologici",Pietro Grimaldi,Luigi Guerriero Editore,2026,,https://www.ibs.it/ansia-ossessioni-altri-affanni-guida-libro-pietro-grimaldi/e/9791282269117,False
Altri Editori,https://www.ibs.it/images/9791281701618_0_0_150_0_75.jpg,Come vivere bene a lungo. Elogio della vecchiaia,Associazione Pescas,I Libri di Mompracem,2026,,https://www.ibs.it/come-vivere-bene-a-lungo-libro-associazione-pescas/e/9791281701618,False
Altri Editori,https://www.ibs.it/images/9791281286894_0_0_150_0_75.jpg,"Oltre il limite. Breve saggio sull'anoressia, da tema psicologico a tema ontologico",Cristina Finazzi,Extempora,2026,,https://www.ibs.it/oltre-limite-breve-saggio-sull-libro-cristina-finazzi/e/9791281286894,False
Altri Editori,https://www.ibs.it/images/9791255321880_0_0_150_0_75.jpg,"Möchte, das du glücklich bist",Michaela Moser,Effekt,2026,,https://www.ibs.it/mochte-das-du-glucklich-bist-libro-michaela-moser/e/9791255321880,False
Editori Selezionati,https://www.ibs.it/images/9788845941450_0_0_150_0_75.jpg,Loki,Georges Dumézil,Adelphi,2026,"Dio senza culto, sprovvisto di un luogo sacro e di un ruolo preciso, e tuttavia indispensabile – senza di lui interi cicli mitologici risulterebbero privi di senso –, Loki è uno dei personaggi più enigmatici e affascinanti della mitologia norrena. Amico e complice di Odino e Thor, e loro peggiore nemico, artefice ingegnoso e burlone, insieme responsabile della morte di Baldr e della fine del mondo nel Ragnarök, sembra resistere a ogni tentativo di classificazione. Eppure è proprio questa irriducibilità a definirlo, dal momento che la sua ambivalenza non è un'anomalia, bensì qualcosa di strutturale – una funzione di disturbo che mette alla prova l'ordine cosmico rivelandone le contraddizioni latenti. Per illuminare tale paradosso Georges Dumézil, in questo saggio da molti considerato il suo capolavoro, ha compiuto una mossa audace: affiancare a Loki il suo doppio caucasico. Nell'epopea popolare degli Osseti – ultimi discendenti degli Sciti – vive infatti un personaggio del tutto analogo, Syrdon, astuto, ambiguo e imprescindibile come il dio scandinavo. Il confronto tra i due – una delle vette del metodo comparativo – rivela che la loro natura sconcertante è l'espressione di un tipo mitologico arcaico comune, risalente alla preistoria indoeuropea. E la tesi finale, che riconnette l'escatologia norrena alla grande guerra del Mahābhārata, apre scenari vertiginosi, lasciando affiorare l'oscurità multiforme di una presenza psichica che non smette di ammaliarci: il trickster.",https://www.ibs.it/loki-libro-georges-dumezil/e/9788845941450,False
Altri Editori,https://www.ibs.it/images/9788838950445_0_0_150_0_75.jpg,Francesco e i suoi fratelli. Una biografia,Sylvain Piron,Sellerio Editore Palermo,2026,,https://www.ibs.it/francesco-suoi-fratelli-biografia-libro-sylvain-piron/e/9788838950445,False
Altri Editori,https://www.ibs.it/images/9788831937856_0_0_150_0_75.jpg,"Gnosticismo cristiano. Cosmogonie, correnti e pratiche",Ernesto Buonaiuti,Libraio editore,2026,,https://www.ibs.it/gnosticismo-cristiano-cosmogonie-correnti-pratiche-libro-ernesto-buonaiuti/e/9788831937856,False
Editori Selezionati,https://www.ibs.it/images/9788837241483_0_0_150_0_75.jpg,Sulla temperanza. Nuova ediz.,Josef Pieper,Morcelliana,2026,"La temperanza è, tra le virtù cardinali, la più focalizzata sul singolo: la prudenza orienta lo sguardo al reale, la giustizia alla relazione con l'altro, la fortezza a ciò che minaccia la vita, la temperanza invece a noi stessi, a ciò che desideriamo e a come dovremmo desiderarlo. Non significa disprezzare il corpo e i suoi bisogni, ma ordinare secondo disciplina e misura la complessa struttura fisica e spirituale dell'essere umano. Fine della temperanza, «uno dei quattro cardini sui quali gira la porta di accesso alla vita», è l'equilibrio interiore dal quale solo può derivare la pace dell'animo. Oltre a una funzione naturale di auto-conservazione, la temperanza ha un valore soprannaturale: indirizza l'uomo al bene e al bene sommo che è Dio. Se oggi il discorso etico si limita a proporre norme di comportamento senza preoccuparsi della crescita morale della persona, l'etica delle virtù elaborata da Josef Pieper, apparentemente inattuale, si rivela quanto mai necessaria.",https://www.ibs.it/sulla-temperanza-nuova-ediz-libro-josef-pieper/e/9788837241483,False
Altri Editori,https://www.ibs.it/images/9788810770870_0_0_150_0_75.jpg,Lettere al mio parroco. Ediz. critica,Primo Mazzolari,EDB,2026,,https://www.ibs.it/lettere-al-mio-parroco-ediz-libro-primo-mazzolari/e/9788810770870,False
Altri Editori,https://www.ibs.it/images/9791256221387_0_0_150_0_75.jpg,Simbolismo cosmico dei monumenti religiosi,N/D,Editoriale Jouvence,2026,,https://www.ibs.it/simbolismo-cosmico-dei-monumenti-religiosi-libro-vari/e/9791256221387,False
Altri Editori,https://www.ibs.it/images/9791254782767_0_0_150_0_75.jpg,Lettere di una famiglia martire,David Salvador,Fede & Cultura,2026,,https://www.ibs.it/lettere-di-famiglia-martire-libro-david-salvador/e/9791254782767,False
Altri Editori,https://www.ibs.it/images/9791254782309_0_0_150_0_75.jpg,La donna vestita di sole,Manuel Gregori,Fede & Cultura,2026,,https://www.ibs.it/donna-vestita-di-sole-libro-manuel-gregori/e/9791254782309,False
Altri Editori,https://www.ibs.it/images/9788842837343_0_0_150_0_75.jpg,"San Francesco, il barbaro di Dio",Giovanni Testori,Il Saggiatore,2026,,https://www.ibs.it/san-francesco-barbaro-di-dio-libro-giovanni-testori/e/9788842837343,False
Altri Editori,https://www.ibs.it/images/9788801070101_0_0_150_0_75.jpg,"Il peccato originale. Anatomia di un dogma tra storia, scienza e mistero",Adriano Virgili,Editrice Elledici,2026,,https://www.ibs.it/peccato-originale-anatomia-di-dogma-libro-adriano-virgili/e/9788801070101,False
Altri Editori,https://www.ibs.it/images/9791254782828_0_0_150_0_75.jpg,I sette sacramenti da ieri a oggi,Claude Barthe,Fede & Cultura,2026,,https://www.ibs.it/sette-sacramenti-da-ieri-a-libro-claude-barthe/e/9791254782828,False
Altri Editori,https://www.ibs.it/images/9791254782804_0_0_150_0_75.jpg,Pura intimità,Jason Evert,Fede & Cultura,2026,,https://www.ibs.it/pura-intimita-libro-jason-evert/e/9791254782804,False
Altri Editori,https://www.ibs.it/images/9788871869773_0_0_150_0_75.jpg,Il dio nella vita. Vol. 3: Essere e Rivoluzione nella Storia. Idee per una psicologia analitica dei tipi politici,Franco Livorsi,Moretti & Vitali,2026,,https://www.ibs.it/dio-nella-vita-vol-3-libro-franco-livorsi/e/9788871869773,False
Altri Editori,https://www.ibs.it/images/9788882276829_0_0_150_0_75.jpg,Sobrietà. La terra del «non ancora»,Luigino Bruni,Qiqajon,2026,,https://www.ibs.it/sobrieta-terra-del-non-ancora-libro-luigino-bruni/e/9788882276829,False
Altri Editori,https://www.ibs.it/images/9791256651429_0_0_150_0_75.jpg,Psicoanalisi vs religione,Vittorio Luigi Castellazzi,Alpes Italia,2026,,https://www.ibs.it/psicoanalisi-vs-religione-libro-vittorio-luigi-castellazzi/e/9791256651429,False
Altri Editori,https://www.ibs.it/images/9791256451630_0_0_150_0_75.jpg,Messalino quotidiano (2027). Vol. 23: Novembre-Dicembre 2026-Gennaio 2027,N/D,OasiApp La Pietra d'Angolo,2026,,https://www.ibs.it/messalino-quotidiano-2027-vol-23-libro-vari/e/9791256451630,False
Altri Editori,https://www.ibs.it/images/9788831559263_0_0_150_0_75.jpg,A Dio non servono prove. Oltre il mito della colpa,Debora Rienzi,Paoline Editoriale Libri,2026,,https://www.ibs.it/a-dio-non-servono-prove-libro-debora-rienzi/e/9788831559263,False
Altri Editori,https://www.ibs.it/images/9788831559133_0_0_150_0_75.jpg,"Giona. Nuova versione, introduzione e commento",Tiziano Lorenzin,Paoline Editoriale Libri,2026,,https://www.ibs.it/giona-nuova-versione-introduzione-commento-libro-tiziano-lorenzin/e/9788831559133,False
Editori Selezionati,https://www.ibs.it/images/9788892251700_0_0_150_0_75.jpg,"Invece un padre... Siamo orfani, ecco cosa impedisce il nostro risveglio",Massimiliano Parrella,San Paolo Edizioni,2026,"Questo libro nasce dalla strada, dai bar di periferia, dalle ferite dei figli e dai silenzi dei padri. Con uno stile diretto, narrativo, don Massimiliano Parrella intreccia memoria personale, Vangelo e vita quotidiana per interrogarsi su una delle grandi emergenze del nostro tempo: l'orfananza. Non solo l'assenza di un padre, ma la perdita di legami, appartenenza e fiducia. Tra mercati rionali, periferie romane, giovani feriti, comunità e missioni nel mondo, emerge il volto di una paternità capace di accogliere senza giudicare, accompagnare senza trattenere, amare senza possedere. Un libro che non offre formule facili, ma uno sguardo nuovo sull'essere figli, padri e comunità. Perché forse la vera rivoluzione oggi è tornare a sentirsi custoditi. Prefazione di don Antonio Mazzi. Postfazione del cardinale Angelo De Donatis.",https://www.ibs.it/invece-padre-siamo-orfani-ecco-libro-massimiliano-parrella/e/9788892251700,True
Altri Editori,https://www.ibs.it/images/9788831559676_0_0_150_0_75.jpg,Cantiere magnifica humanitas. Una lettura pastorale dell'Enciclica,Doriano Vincenzo De Luca,Paoline Editoriale Libri,2026,,https://www.ibs.it/cantiere-magnifica-humanitas-lettura-pastorale-libro-doriano-vincenzo-de-luca/e/9788831559676,False
Altri Editori,https://www.ibs.it/images/9788864673578_0_0_150_0_75.jpg,Agenda della famiglia 2027. La fede ogni giorno,N/D,San Paolo Periodici,2026,,https://www.ibs.it/agenda-della-famiglia-2027-fede-libro-vari/e/9788864673578,False
Editori Selezionati,https://www.ibs.it/images/9788892251557_0_0_150_0_75.jpg,Il cristiano e la vita eterna,Giuseppe Forlai,San Paolo Edizioni,2026,"Il mondo non aspetta più; i credenti dell'attimo presente non sperano più; la compagine ecclesiale non se la cava meglio e passa da un evento all'altro, da una celebrazione a un anniversario, come se avesse dimenticato di scrutare nella Parola il futuro di Dio. Un fiume di parole “umane"" (sebbene “ecclesiastiche"") sta soffocando la speranza che nasce solo nell'obbedienza ai sussurri del Padre di Gesù. Le parole umane si moltiplicano (al pari delle riunioni!), inseguendo improbabili slogan e non facendo altro che smascherare la mancanza di fede di chi non vuole rassegnarsi a lasciare le urgenze per concentrarsi sull'essenziale. E siccome le urgenze sono nostre, mentre l'essenziale è di Dio, solitamente preferiamo tenerci stretti stretti alle solite cose già viste e dette, piuttosto che abbandonarci con speranza a un futuro che non possiamo “manipolare"", ma che sicuramente sarà, per chi crede, “pieno di grazia"" e più profondo di uno slogan.",https://www.ibs.it/cristiano-vita-eterna-libro-giuseppe-forlai/e/9788892251557,False
Altri Editori,https://www.ibs.it/images/9788831559584_0_0_150_0_75.jpg,Lettera al duca di Norfolk. Coscienza e libertà,John Henry Newman,Paoline Editoriale Libri,2026,,https://www.ibs.it/lettera-al-duca-di-norfolk-libro-john-henry-newman/e/9788831559584,False
Altri Editori,https://www.ibs.it/images/9788831559348_0_0_150_0_75.jpg,Teresa di Lisieux anima ardente,Mislav Hodzic,Paoline Editoriale Libri,2026,,https://www.ibs.it/teresa-di-lisieux-anima-ardente-libro-mislav-hodzic/e/9788831559348,False
Altri Editori,https://www.ibs.it/images/9788831558785_0_0_150_0_75.jpg,Il quarto Vangelo. Una rilettura di Giovanni,Luigino Bruni,Paoline Editoriale Libri,2026,,https://www.ibs.it/quarto-vangelo-rilettura-di-giovanni-libro-luigino-bruni/e/9788831558785,False
Altri Editori,https://www.ibs.it/images/9791256451401_0_0_150_0_75.jpg,"Laudato si', mi' Signore, per sora nostra morte corporale ...perché?",Angelo Comastri,OasiApp La Pietra d'Angolo,2026,,https://www.ibs.it/laudato-si-mi-signore-per-libro-angelo-comastri/e/9791256451401,False
Altri Editori,https://www.ibs.it/images/9788825060652_0_0_150_0_75.jpg,A scuola di felicità. Lezioni che ho imparato dai miei alunni,Dario Ahmad Reda,EMP - Edizioni Messaggero Padova,2026,,https://www.ibs.it/a-scuola-di-felicita-lezioni-libro-dario-ahmad-reda/e/9788825060652,False
Altri Editori,https://www.ibs.it/images/9791256451821_0_0_150_0_75.jpg,Preghiamo il Rosario da Lourdes con Papa Leone XIV,Nicola Ventriglia,OasiApp La Pietra d'Angolo,2026,,https://www.ibs.it/preghiamo-rosario-da-lourdes-con-libro-nicola-ventriglia/e/9791256451821,False
Altri Editori,https://www.ibs.it/images/9788892873650_0_0_150_0_75.jpg,La svolta pneumatologica nel quarto secolo in Oriente. Il lungo e acceso dibattito sulla recezione dello spirito santo in ambito teologico,Antonio Bonato,Il Pozzo di Giacobbe,2026,,https://www.ibs.it/svolta-pneumatologica-nel-quarto-secolo-libro-antonio-bonato/e/9788892873650,False
Editori Selezionati,https://www.ibs.it/images/9788892251380_0_0_150_0_75.jpg,"Coraggio, io sono con te. Esercizi di Paradiso per cuori stanchi",Gianluca Brusatore,San Paolo Edizioni,2026,"In un tempo in cui molti cuori si scoprono stanchi, appesantiti dalle fatiche del quotidiano, si rischia di scivolare in un'oscurità da cui è difficile continuare a sperare: essa nasce dalle delusioni che non sappiamo nominare, dai matrimoni che si incrinano, dai dubbi, dalla stanchezza che ci fa sentire soli anche in mezzo agli altri. Muovendosi con delicatezza e profonda umanità nei territori più fragili dell'esperienza umana, l'autore di queste pagine propone un itinerario spirituale concreto, che si dispiega tramite domande che ci interpellano in prima persona e piccoli “esercizi di paradiso"" quotidiani per tornare a respirare. Nate dall'esperienza personale, vissuta nel ministero sacerdotale, tali riflessioni esortano a riconoscere che, anche nei momenti più bui, qualcuno si muove, lavora, prepara per noi una rinascita. Se si impara a viaggiare leggeri, a consegnare i pesi inutili, è possibile scorgere, tra le pieghe di una vita complicata, quel segno di presenza viva che muta la paura in un coraggio nuovo. Perché, proprio dalle crepe più profonde, Dio sta già facendo passare la luce.",https://www.ibs.it/coraggio-io-sono-con-te-libro-gianluca-brusatore/e/9788892251380,False
Altri Editori,https://www.ibs.it/images/9788879625128_0_0_150_0_75.jpg,Il Cantico delle creature di san Francesco: ottocento anni di poesia,N/D,Biblioteca Francescana,2026,,https://www.ibs.it/cantico-delle-creature-di-san-libro-vari/e/9788879625128,False
Altri Editori,https://www.ibs.it/images/9788864673561_0_0_150_0_75.jpg,Calendario a strappo 2027. La fede ogni giorno,N/D,San Paolo Periodici,2026,,https://www.ibs.it/calendario-a-strappo-2027-fede-libro-vari/e/9788864673561,False
Altri Editori,https://www.ibs.it/images/9788831559591_0_0_150_0_75.jpg,L'amicizia spirituale,Aelredo di Rievaulx,Paoline Editoriale Libri,2026,,https://www.ibs.it/amicizia-spirituale-libro-aelredo-di-rievaulx/e/9788831559591,False
Altri Editori,https://www.ibs.it/images/9788831559478_0_0_150_0_75.jpg,Nella polifonia del silenzio,Donato Ogliari,Paoline Editoriale Libri,2026,,https://www.ibs.it/nella-polifonia-del-silenzio-libro-donato-ogliari/e/9788831559478,False
Altri Editori,https://www.ibs.it/images/9791280736840_0_0_150_0_75.jpg,"Avvento 2026 per ragazzi, giovani e famiglie. Vieni, Re di giustizia e di pace!",N/D,Dottrinari,2026,,https://www.ibs.it/avvento-2026-per-ragazzi-giovani-libro-vari/e/9791280736840,False
Altri Editori,https://www.ibs.it/images/9791259756275_0_0_150_0_75.jpg,San Francesco di Paola. Cosa piace di te ai giovani di oggi?,Gian Franco Scarpitta,Tau,2026,,https://www.ibs.it/san-francesco-di-paola-cosa-libro-gian-franco-scarpitta/e/9791259756275,False
Altri Editori,https://www.ibs.it/images/9791256451838_0_0_150_0_75.jpg,Prions le Rosaire à Lourdes avec le Pape Léon XIV,Nicola Ventriglia,OasiApp La Pietra d'Angolo,2026,,https://www.ibs.it/prions-rosaire-a-lourdes-avec-libro-nicola-ventriglia/e/9791256451838,False
Altri Editori,https://www.ibs.it/images/9791256451715_0_0_150_0_75.jpg,Francesco d'Assisi mistico di Gesù Eucaristia,Davide Spinelli,OasiApp La Pietra d'Angolo,2026,,https://www.ibs.it/francesco-d-assisi-mistico-di-libro-davide-spinelli/e/9791256451715,False
Altri Editori,https://www.ibs.it/images/9791256451647_0_0_150_0_75.jpg,Messalino quotidiano (2027). Vol. 24: Febbraio-marzo-aprile,N/D,OasiApp La Pietra d'Angolo,2026,,https://www.ibs.it/messalino-quotidiano-2027-vol-24-libro-vari/e/9791256451647,False
Altri Editori,https://www.ibs.it/images/9791256451593_0_0_150_0_75.jpg,Alla sua presenza. Adorazione eucaristica-Riflessioni,Antonio Pitetto,OasiApp La Pietra d'Angolo,2026,,https://www.ibs.it/alla-sua-presenza-adorazione-eucaristica-libro-antonio-pitetto/e/9791256451593,False
Altri Editori,https://www.ibs.it/images/9791256451517_0_0_150_0_75.jpg,Let's go to the school of love. Calendar 2027,Angelo Comastri,OasiApp La Pietra d'Angolo,2026,,https://www.ibs.it/let-s-go-to-the-libro-angelo-comastri/e/9791256451517,False
Altri Editori,https://www.ibs.it/images/9791256451494_0_0_150_0_75.jpg,Andiamo a scuola di amore. Calendario 2027,Angelo Comastri,OasiApp La Pietra d'Angolo,2026,,https://www.ibs.it/andiamo-a-scuola-di-amore-libro-angelo-comastri/e/9791256451494,False
Altri Editori,https://www.ibs.it/images/9791256451487_0_0_150_0_75.jpg,Riabilitare alla vita. Quando il dolore insegna a vivere e diventa forza. Storie di vita e di coraggio,Roberto Lanza,OasiApp La Pietra d'Angolo,2026,,https://www.ibs.it/riabilitare-alla-vita-quando-dolore-libro-roberto-lanza/e/9791256451487,False
Altri Editori,https://www.ibs.it/images/9791256450596_0_0_150_0_75.jpg,Commenti ai Vangeli,Benedetto XVI (Joseph Ratzinger),OasiApp La Pietra d'Angolo,2026,,https://www.ibs.it/commenti-ai-vangeli-libro-benedetto-xvi-joseph-ratzinger/e/9791256450596,False
Altri Editori,https://www.ibs.it/images/9791256393664_0_0_150_0_75.jpg,Santa Teresa di Gesù Bambino e del Volto Santo. Credere senza sentire. La piccola via nella notte della fede,Alma M. Joseph Sponziello,Editrice Shalom,2026,,https://www.ibs.it/santa-teresa-di-gesu-bambino-libro-alma-m-joseph-sponziello/e/9791256393664,True
Altri Editori,https://www.ibs.it/images/9791256393633_0_0_150_0_75.jpg,L'essere umano: immagine di Dio e figlio di Dio,Raffaello Martinelli,Editrice Shalom,2026,,https://www.ibs.it/essere-umano-immagine-di-dio-libro-raffaello-martinelli/e/9791256393633,False
Altri Editori,https://www.ibs.it/images/9791256393350_0_0_150_0_75.jpg,Dio si è sporcato le mani,Stefano Vita,Editrice Shalom,2026,,https://www.ibs.it/dio-si-sporcato-mani-libro-stefano-vita/e/9791256393350,False
Altri Editori,https://www.ibs.it/images/9791256272303_0_0_150_0_75.jpg,La verità errante nella carne. Percorso nel libro VII delle Confessiones di Agostino,Germinario Giuseppe,Marcianum Press,2026,,https://www.ibs.it/verita-errante-nella-carne-percorso-libro-germinario-giuseppe/e/9791256272303,False
Altri Editori,https://www.ibs.it/images/9791256261208_0_0_150_0_75.jpg,"Francesco, servo libero",Antonio Bello,Edizioni La Meridiana,2026,,https://www.ibs.it/francesco-servo-libero-libro-antonio-bello/e/9791256261208,False
Altri Editori,https://www.ibs.it/images/9791255950660_0_0_150_0_75.jpg,Calendario della famiglia 2027,Martina Peluso,In Dialogo,2026,,https://www.ibs.it/calendario-della-famiglia-2027-libro-martina-peluso/e/9791255950660,False
Altri Editori,https://www.ibs.it/images/9791254825396_0_0_150_0_75.jpg,Achille Maria Triacca. Un maestro per la teologia liturgica,N/D,Edusc,2026,,https://www.ibs.it/achille-maria-triacca-maestro-per-libro-vari/e/9791254825396,False
Altri Editori,https://www.ibs.it/images/9791224341871_0_0_150_0_75.jpg,Laici e preti in parrocchia. Un nuovo annuncio in un mondo che cambia,Giuseppe Morante,Diocesi di Civita Castellana - Istituto Superiore di Scienze Religiose,2026,,https://www.ibs.it/laici-preti-in-parrocchia-nuovo-libro-giuseppe-morante/e/9791224341871,False
Altri Editori,https://www.ibs.it/images/9788897511243_0_0_150_0_75.jpg,Tra due notti. Preghiere per chi non vuole arrendersi al buio. Nuova ediz.,Eric Pearlman,Ivo Forza editore,2026,,https://www.ibs.it/tra-due-notti-preghiere-per-libro-eric-pearlman/e/9788897511243,False
Altri Editori,https://www.ibs.it/images/9788893722889_0_0_150_0_75.jpg,Joaquim Arnóbio de Andrade di Sobral. Il fondatore,"José Luís Lira,Paolo Vilotta",Graphe.it,2026,,https://www.ibs.it/joaquim-arnobio-de-andrade-di-libro-jose-luis-lira-paolo-vilotta/e/9788893722889,False
Altri Editori,https://www.ibs.it/images/9788893189804_0_0_150_0_75.jpg,Francesco d'Assisi. Il frate cortese che cercava l’amore nella nudità del cuore,Emanuele Maestri,Edizioni Segno,2026,,https://www.ibs.it/francesco-d-assisi-frate-cortese-libro-emanuele-maestri/e/9788893189804,False
Altri Editori,https://www.ibs.it/images/9788893189644_0_0_150_0_75.jpg,Messaggi dal Cielo 2021-2025,Rosa,Edizioni Segno,2026,,https://www.ibs.it/messaggi-dal-cielo-2021-2025-libro-rosa/e/9788893189644,False
Editori Selezionati,https://www.ibs.it/images/9788892251670_0_0_150_0_75.jpg,Cisf Family Report 2026. Teniamo banco! Famiglia e scuola di fronte alla sfida educativa,CISF. Centro Internazionale Studi Famiglia,San Paolo Edizioni,2026,"Scuola e famiglia vivono di codici valoriali, strumenti e responsabilità radicalmente diversi, ma non contrapposti: dono, gratuità e reciprocità del mondo familiare si incontrano con professionalità, competenze e ruoli organizzativi degli operatori nella scuola. In entrambi i mondi, però, sono necessarie una reale assunzione di responsabilità educativa e la disponibilità a correre il “rischio della relazione"".",https://www.ibs.it/cisf-family-report-2026-teniamo-libro-cisf-centro-internazionale-studi-famiglia/e/9788892251670,False
Editori Selezionati,https://www.ibs.it/images/9788892251533_0_0_150_0_75.jpg,"Venite a me, voi oppressi. Un esercizio di cristianesimo",Søren Kierkegaard,San Paolo Edizioni,2026,"“Venite a me, voi che siete affaticati e oppressi, e io vi ristorerò”. Da queste brevi righe tratte dal Vangelo di Matteo [11,28], Kierkegaard fa partire il proprio “esercizio di cristianesimo”, polemico nei confronti di chi suppone che si possa giungere a Dio senza un impegno diretto, personale, interiore, radicale. Poiché l’attesa di Dio, dice il pensatore danese, ci deve condurre a una scelta decisiva, aut aut, pro o contro, che ci riguarda nel profondo e che resta insuperabile. Il cristiano deve sapere che non vi è altra possibilità di conciliazione e di pace in se stesso, se non “andando a Dio”, muovendo verso quel Dio che, unico, ha il potere di consolare, di ristorare. Chi cerca salvezza in se stesso e nelle proprie azioni, non troverà altro che angoscia. I grandi temi del pensiero di Kierkegaard sono tutti riassunti in queste pagine altissime, che non smettono di provocare il lettore e di invitare il credente a una conversione continua.",https://www.ibs.it/venite-a-me-voi-oppressi-libro-soren-kierkegaard/e/9788892251533,False
Editori Selezionati,https://www.ibs.it/images/9788892251373_0_0_150_0_75.jpg,San Francesco d'Assisi una via per il domani,Martina Degl'Innocenti,San Paolo Edizioni,2026,"San Francesco una via per il domani propone una rilettura attuale della figura del santo di Assisi alla luce delle sfide del nostro tempo e degli obiettivi dell'Agenda 2030. Attraverso episodi della sua vita, opere d'arte e riflessioni sulla sostenibilità, il volume mostra come il messaggio francescano — fondato su fraternità, giustizia sociale, pace e cura del creato — possa ancora oggi offrire una guida concreta per costruire un futuro più umano ed equilibrato. Un percorso tra valori, storia e arte che invita il lettore a riscoprire san Francesco come profeta della contemporaneità e custode della Terra.",https://www.ibs.it/san-francesco-d-assisi-via-libro-martina-degl-innocenti/e/9788892251373,False
Altri Editori,https://www.ibs.it/images/9788875477066_0_0_150_0_75.jpg,Teosofia. Un’introduzione alla conoscenza supersensibile del mondo e del destino dell’uomo. Ediz. critica,Rudolf Steiner,Marcovalerio,2026,,https://www.ibs.it/teosofia-introduzione-alla-conoscenza-supersensibile-libro-rudolf-steiner/e/9788875477066,False
Altri Editori,https://www.ibs.it/images/9788860996756_0_0_150_0_75.jpg,Tradizioni e sconfinamenti. Omaggio alla pratica teologica di Cristina Simonelli,N/D,Gabrielli Editori,2026,,https://www.ibs.it/tradizioni-sconfinamenti-omaggio-alla-pratica-libro-vari/e/9788860996756,False
Altri Editori,https://www.ibs.it/images/9788860225351_0_0_150_0_75.jpg,Custodi dell'orsa maggiore. Francesco d'Assisi e Federico II tra sufismo e gnosi,Francesco Danieli,Edizioni Univ. Romane,2026,,https://www.ibs.it/custodi-dell-orsa-maggiore-francesco-libro-francesco-danieli/e/9788860225351,False
Altri Editori,https://www.ibs.it/images/9788860075499_0_0_150_0_75.jpg,Caro Fancesco ti scrivo. Lettere a Francesco d'Assisi,Patrizia Cirulli,Edizioni della Meridiana,2026,,https://www.ibs.it/caro-fancesco-ti-scrivo-lettere-libro-patrizia-cirulli/e/9788860075499,False
Altri Editori,https://www.ibs.it/images/9788851432058_0_0_150_0_75.jpg,La medicina del cuore. Pregare nelle avversità,Claudio Dell'Orto,Ancora,2026,,https://www.ibs.it/medicina-del-cuore-pregare-nelle-libro-claudio-dell-orto/e/9788851432058,False
Altri Editori,https://www.ibs.it/images/9788851431730_0_0_150_0_75.jpg,Il custode del ponte. Formazione alla regola di vita,Pier Luigi Nava,Ancora,2026,,https://www.ibs.it/custode-del-ponte-formazione-alla-libro-pier-luigi-nava/e/9788851431730,False
Altri Editori,https://www.ibs.it/images/9788831559683_0_0_150_0_75.jpg,Conexión y vocación. La vida consagrada en la era digital,Pina Riccieri,Paoline Editoriale Libri,2026,,https://www.ibs.it/conexion-y-vocacion-vida-consagrada-libro-pina-riccieri/e/9788831559683,False
Altri Editori,https://www.ibs.it/images/9788825062205_0_0_150_0_75.jpg,Lutero e la riforma. Contributi a una comprensione ecumenica,Mario Galzignato,EMP - Edizioni Messaggero Padova,2026,,https://www.ibs.it/lutero-riforma-contributi-a-comprensione-libro-mario-galzignato/e/9788825062205,False
Altri Editori,https://www.ibs.it/images/9788825061628_0_0_150_0_75.jpg,Da dove viene questo amore? Gli amanti cercatori di Dio,Alberto Trevellin,EMP - Edizioni Messaggero Padova,2026,,https://www.ibs.it/da-dove-viene-questo-amore-libro-alberto-trevellin/e/9788825061628,False
Altri Editori,https://www.ibs.it/images/9788822295316_0_0_150_0_75.jpg,Allegoria e allegoresi nella testualità medievale,Matteo Maselli,Olschki,2026,,https://www.ibs.it/allegoria-allegoresi-nella-testualita-medievale-libro-matteo-maselli/e/9788822295316,False
Altri Editori,https://www.ibs.it/images/9791224801542_0_0_150_0_75.jpg,Il battesimo nelle lingue. Il mistero del suono della sentinella,Flavia Gega,Youcanprint,2026,,https://www.ibs.it/battesimo-nelle-lingue-mistero-del-libro-flavia-gega/e/9791224801542,False
Altri Editori,https://www.ibs.it/images/9791224079620_0_0_150_0_75.jpg,Astragalomanzia,Leonardo Fontana,Youcanprint,2026,,https://www.ibs.it/astragalomanzia-libro-leonardo-fontana/e/9791224079620,False
Altri Editori,https://www.ibs.it/images/9791224069355_0_0_150_0_75.jpg,Bibbia senza sforzo con commento. Libri sapienziali. Vol. 1: Giobbe e Proverbi,Antonio Sigismondi D'Angiò,Youcanprint,2026,,https://www.ibs.it/bibbia-senza-sforzo-con-commento-libro-antonio-sigismondi-d-angio/e/9791224069355,False
Altri Editori,https://www.ibs.it/images/9791280156792_0_0_150_0_75.jpg,L'eucarestia. Infinito ed eterno amore,Giovanna Lo Re,Edizioni del Poggio,2026,,https://www.ibs.it/eucarestia-infinito-ed-eterno-amore-libro-giovanna-lo-re/e/9791280156792,True
Altri Editori,https://www.ibs.it/images/9791280091208_0_0_150_0_75.jpg,"Il libro della torre (Kitab al-Migdal). Testo critico arabo, traduzione italiana e indici della sezione V capitoli 4, 6 e 7. Traduzione italiana a fronte",ʿAmr ibn Matta al-Tirhani,Edizioni del Gruppo di Ricerca Arabo-Cristiana,2026,,https://www.ibs.it/libro-della-torre-kitab-al-libro-amr-ibn-matta-al-tirhani/e/9791280091208,True
Altri Editori,https://www.ibs.it/images/9791257671006_0_0_150_0_75.jpg,"I santi della speranza. Paolo, Francesco, Chiara e Lucia nel cammino del laico contemporaneo",Gianfranco Desogus,Susil Edizioni,2026,,https://www.ibs.it/santi-della-speranza-paolo-francesco-libro-gianfranco-desogus/e/9791257671006,True
Altri Editori,https://www.ibs.it/images/9791224731535_0_0_150_0_75.jpg,"Tanakh, the old testament. Torah, the five books of Moses",Giuseppe Guarino,StreetLib,2026,,https://www.ibs.it/tanakh-the-old-testament-torah-libro-giuseppe-guarino/e/9791224731535,True
Altri Editori,https://www.ibs.it/images/9791222819761_0_0_150_0_75.jpg,Filotea introduzione alla vita devota di S. Francesco di Sales.,Lucia Tardino,ilmiolibro self publishing,2026,,https://www.ibs.it/filotea-introduzione-alla-vita-devota-libro-lucia-tardino/e/9791222819761,True
Altri Editori,https://www.ibs.it/images/9791259891570_0_0_150_0_75.jpg,Fratello Sole Sorella Luna. L’arte contemporanea ai tempi del Giubileo della Speranza e del Giubileo Francescano,N/D,Il Rio,2026,,https://www.ibs.it/fratello-sole-sorella-luna-arte-libro-vari/e/9791259891570,False
Editori Selezionati,https://www.ibs.it/images/9788806271930_0_0_150_0_75.jpg,A volte ti amo. La rivoluzione dei rapporti nel mondo fragile delle nuove generazioni,Matteo Lancini,Einaudi,2026,"Con la sensibilità clinica e lo sguardo attento che contraddistinguono il suo lavoro, Matteo Lancini aggiunge una nuova tessera a quel grande puzzle che sta costruendo in questi anni per aiutarci a comprendere il mondo degli adolescenti e dei giovani adulti, che nei confronti delle relazioni amorose mettono in luce quella paura verso un sentimento intenso e totalizzante che in fondo spaventa tutti, non solo loro. A breve la coppia potrebbe non esistere piú. In senso tradizionale è già scomparsa da tempo, ma l'incontro quotidiano con ragazze e ragazzi testimonia quanto sia sempre piú complicata l'integrazione tra i bisogni individuali e l'investimento progettuale richiesto da qualsiasi relazione di coppia. Il mandato familiare e sociale che ha orientato la crescita delle nuove generazioni è quello di essere autonomi e di non dipendere da nessuno sin dalla piú tenera età. Il progetto individuale è tutto e oggi il sesso interessa sempre meno. Del resto, si tratta delle prime generazioni della storia dell'umanità che crescono in una società in cui l'atto sessuale non è piú necessario alla sopravvivenza della specie e mettere al mondo un figlio non implica necessariamente l'unione con il corpo dell'altro. Che senso ha la coppia oggi per gli adolescenti e i giovani adulti? Perché si predilige una «frequentazione» a una vera relazione? Perché il corteggiamento è difficile, se non impossibile? Che significato ha il controllo del partner tramite geolocalizzazione e conoscenza delle reciproche password dello smartphone? La dipendenza affettiva è davvero un problema? A quali emozioni si deve fare fronte quando ci si lascia? Queste sono solo alcune delle domande a cui questo libro prova a dare risposta, come una bussola per orientarsi nelle relazioni evitate o intrattenute da parte di ragazze e ragazzi. Perché l'educazione affettiva e il contrasto alla violenza di genere non sono didattica, ma una delicata e autorevole identificazione con le emozioni e i vissuti delle nuove generazioni.",https://www.ibs.it/a-volte-ti-amo-rivoluzione-libro-matteo-lancini/e/9788806271930,False
Editori Selezionati,https://www.ibs.it/images/9791222332062_0_0_150_0_75.jpg,Epifanie del sé. Per una psicoanalisi ontologica dell’adolescenza,Angelo Antonio Moroni,Mimesis,2026,"L’adolescenza è una fase di transizione segnata da tensioni e salti evolutivi imprevedibili, in cui il Sé si manifesta attraverso oscillazioni identitarie e conflitti. La psicoanalisi ha proposto differenti modelli teorici per comprendere tali fenomeni e la distinzione tra paradigma epistemologico e quello ontologico in psicoanalisi, come delineata da T.H. Ogden, ha apportato un contributo molto significativo alla comprensione della sofferenza psichica in adolescenza. La psicoanalisi ontologica sposta l’attenzione dall’interpretazione al “vivere insieme” l’esperienza analitica: non si tratta di sapere su o di un paziente, ma di coabitare con lui uno spazio psichico condiviso, in cui il Sé appare e diviene come forma di un esserci e di una phùsis (Heidegger, 1927, 1943) che va innanzitutto accolta anche nel suo manifestarsi più enigmatico e paradossale. La comprensione dei fenomeni clinici e comporta-mentali in adolescenza richiede quindi un approccio interdisciplinare. La psicoanalisi dialoga con la filosofia, che ne chiarisce i fondamenti ontologici, e con la neurobiologia, che illumina i processi cerebrali legati alla regolazione emotiva e alla plasticità cognitiva. Solo attraverso questa integrazione è possibile cogliere la complessità dell’adolescenza, evitando riduzionismi e aprendosi alla complessità. Il volume, partendo dalla teoria, immerge il lettore, pagina dopo pagina, nell’esperienza clinica, nei “modi di essere adolescente” e nelle sue multiformi “epifanie del Sé”.",https://www.ibs.it/epifanie-del-se-per-psicoanalisi-libro-angelo-antonio-moroni/e/9791222332062,False
Editori Selezionati,https://www.ibs.it/images/9788832859034_0_0_150_0_75.jpg,Il bambino deprivato. Le origini della tendenza antisociale,Donald W. Winnicott,Raffaello Cortina Editore,2026,"Che cosa racconta davvero un comportamento antisociale infantile? Per Winnicott, dietro la trasgressione, la distruttività o la provocazione può nascondersi la traccia di una deprivazione: la perdita dell’ambiente capace di offrire sicurezza, continuità e cura. Attraverso il confronto con bambini e ragazzi accolti nelle comunità durante gli anni della Seconda guerra mondiale, Winnicott elabora una delle sue intuizioni più feconde e paradossali: la tendenza antisociale può essere vista come un segno di speranza, quella di trovare un ambiente che permetta di riprendere la crescita interrotta. Un libro ancora oggi attuale, che illumina il difficile incontro tra giovani in sofferenza e le istituzioni chiamate a educarli e accoglierli.",https://www.ibs.it/bambino-deprivato-origini-della-tendenza-libro-donald-w-winnicott/e/9788832859034,False
Altri Editori,https://www.ibs.it/images/9788833144535_0_0_150_0_75.jpg,C. G. Jung. L'uomo e la sua ombra,"Andrea Laprovitera,Antonio Marino",Becco Giallo,2026,,https://www.ibs.it/c-g-jung-uomo-sua-libro-andrea-laprovitera-antonio-marino/e/9788833144535,False
Editori Selezionati,https://www.ibs.it/images/9791222332222_0_0_150_0_75.jpg,La psicosi bianca. Psicoanalisi di un colloquio,"André Green,Jean-Luc Donnet",Mimesis,2026,"“Mia madre è andata a letto con suo genero e io sono il frutto di quella relazione”: è così che il paziente si presenta, al primo colloquio di psicoanalisi, per parlare delle sue origini e per rintracciare gli inizi dei suoi disturbi. Di questo singolare incontro rimane una trascrizione, su cui André Green e Jean-Luc Donnet lavorarono per tentare di ritrovare, attraverso la decodifica psicoanalitica, il momento della verità. Un classico della letteratura psicoanalitica, dove scoperta e costruzione si intrecciano nello sforzo di comprendere l’enigma della psicosi. Un caso clinico esemplare in cui il disagio dell’ascolto mette a dura prova la teoria psicoanalitica sull’incesto, il reale, la follia, e dove non si può cancellare il turbamento che il paziente avrà rappresentato per lo psicoanalista. Si fa avanti un nuovo concetto: la psicosi bianca.",https://www.ibs.it/psicosi-bianca-psicoanalisi-di-colloquio-libro-andre-green-jean-luc-donnet/e/9791222332222,False
Altri Editori,https://www.ibs.it/images/9788859052043_0_0_150_0_75.jpg,AC-MT-3 6-14 anni. Prove per la clinica. Test di valutazione delle abilità di calcolo e del ragionamento matematico. Con piattaforma TEO Test Erickson Online,"Cesare Cornoldi,Irene Cristina Mammarella,Sara Caviola",Erickson,2026,,https://www.ibs.it/ac-mt-3-6-14-libro-vari/e/9788859052043,False
Altri Editori,https://www.ibs.it/images/9791256271177_0_0_150_0_75.jpg,"Rischio evolutivo nell'infanzia. Maltrattamento, fragilità genitoriale e tutela del minore","Letizia Caso,Dalila Vitali,Giorgia Rita Pergolizzi",Marcianum Press,2026,,https://www.ibs.it/rischio-evolutivo-nell-infanzia-maltrattamento-libro-vari/e/9791256271177,False
Altri Editori,https://www.ibs.it/images/9788864437996_0_0_150_0_75.jpg,Affrontare l'inconscio in psicoterapia,N/D,L'Asino d'Oro,2026,,https://www.ibs.it/affrontare-inconscio-in-psicoterapia-libro-vari/e/9788864437996,False
Altri Editori,https://www.ibs.it/images/9791256651405_0_0_150_0_75.jpg,L'assessment cognitivo-comportamentale,Gianluca Ruggiero,Alpes Italia,2026,,https://www.ibs.it/assessment-cognitivo-comportamentale-libro-gianluca-ruggiero/e/9791256651405,False
Altri Editori,https://www.ibs.it/images/9791256651399_0_0_150_0_75.jpg,Il suono delle sfere celesti e l’inconscio. Parlar di musica in margine alla psicoanalisi,Emilia Cece,Alpes Italia,2026,,https://www.ibs.it/suono-delle-sfere-celesti-inconscio-libro-emilia-cece/e/9791256651399,False
Altri Editori,https://www.ibs.it/images/9788884103642_0_0_150_0_75.jpg,L'alfabeto dei sogni. Riflessioni di un viaggiatore ai margini della notte,Camilla Albini Bravo,Clinamen,2026,,https://www.ibs.it/alfabeto-dei-sogni-riflessioni-di-libro-camilla-albini-bravo/e/9788884103642,False
Altri Editori,https://www.ibs.it/images/9791256650927_0_0_150_0_75.jpg,Emprise e soddisfacimento. I 2 formati della pulsione,Paul Denis,Alpes Italia,2026,,https://www.ibs.it/emprise-soddisfacimento-2-formati-della-libro-paul-denis/e/9791256650927,False
Altri Editori,https://www.ibs.it/images/9791280737618_0_0_150_0_75.jpg,La passione dell'ignoranza. Cosa scegliamo di non sapere e perché,Renata Salecl,Galaad Edizioni,2026,,https://www.ibs.it/passione-dell-ignoranza-cosa-scegliamo-libro-renata-salecl/e/9791280737618,False
Editori Selezionati,https://www.ibs.it/images/9788804817185_0_0_150_0_75.jpg,"Canto del cigno. Diana, mia sorella",Charles Spencer,Mondadori,2026,"Il conte Spencer dichiara: «Nell’imminenza del trentesimo anniversario della tragica morte di Diana, sono stato di nuovo sommerso di richieste di interviste su mia sorella. Questo mi ha convinto a mettere per iscritto, una volta per tutte, i miei pensieri e i miei ricordi personali, così da non essere più costretto a leggere le opinioni altrui, molte delle quali si fondano su menzogne che si sono consolidate nel tempo. L’obiettivo di questo libro è raccontare la verità su Diana dal punto di vista di suo fratello, proprio come ho cercato di fare quando ho parlato alle esequie. Come nell’orazione funebre, voglio parlare per conto di Diana e farlo in maniera apertamente positiva. Spero che questo libro desti l’interesse dei tanti che ancora hanno cara la memoria di Diana da viva, e sarei estasiato se, dopo questa lettura, chi è troppo giovane per ricordarla nel suo massimo fulgore sentisse di aver colto chi era davvero: una persona dal carattere unico, dinamica, piena di amore, carisma e insicurezze; una persona che ha vissuto la vita fino in fondo e ha lasciato un mondo migliore di quello che aveva trovato, nonostante sia uscita di scena ancora molto giovane».",https://www.ibs.it/canto-del-cigno-diana-mia-libro-charles-spencer/e/9788804817185,False
Altri Editori,https://www.ibs.it/images/9788830906471_0_0_150_0_75.jpg,Oltre. Uno si ritira e gli succede di tutto. Che poi tocca pure raccontarlo,"Francesco Totti,Alessandro Alciato",Cairo,2026,,https://www.ibs.it/oltre-si-ritira-succede-di-libro-francesco-totti-alessandro-alciato/e/9788830906471,False
Editori Selezionati,https://www.ibs.it/images/9788828220145_0_0_150_0_75.jpg,Tutto qui. La costruzione di una vita,"Francesco Merlo,Renzo Piano",Solferino,2026,"«Signora Piano, suo figlio non è normale. Mi dispiace dirlo, ma è il mio dovere»: questo si sentì dire da un insegnante la madre dello studente «somaro» Renzo Piano, classe terza elementare. Oggi, «l’idiota della famiglia» è l’architetto, il senatore e il giramondo: giapponese in Giappone, americano negli Usa, cittadino francese, ovunque a casa sua. In mezzo c’è una storia fatta di tante storie: quella di un bambino di Pegli inseguito dal ricordo di un fratello mai conosciuto; quella di due spiantati che sfidarono tutto e tutti per costruire il «mostruoso» Beaubourg a Parigi; quella dell’innovatore che cambiò lo skyline di Londra e che progettò per il «New York Times» un palazzo trasparente come dovrebbe essere l’informazione; quella dell’uomo che incarnò la sua riflessione su Dio nel monastero delle clarisse a Ronchamp… e quella di un ragazzo che sognava di costruire barche e ci riuscì, anche se la prima gli causò qualche problema. Dai palazzi agli aeroporti – passando per gli indispensabili ponti, incluso il fantasticare su quello sullo Stretto di Messina – e dai più iconici centri urbani alle periferie ferite, i progetti di Piano diventano così le tappe di una vita in viaggio, in cui costruire ha sempre significato interpretare, unire, accogliere, restituire speranza. Attraversata da dialoghi, ricordi, confessioni, incontri, amori, digressioni letterarie e musicali, la narrazione tessuta da Francesco Merlo prende il largo dalla dimensione biografica per approdare a quella del romanzo di formazione, capace di raccontare una vita con le idee, con la luce, con i suoni del mare e del vento. E restituisce il segreto più autentico dell’opera di Renzo Piano: la convinzione che la leggerezza non sia superficialità, ma una forma generosa di coraggio.",https://www.ibs.it/tutto-qui-costruzione-di-vita-libro-francesco-merlo-renzo-piano/e/9788828220145,False
Altri Editori,https://www.ibs.it/images/9791254802809_0_0_150_0_75.jpg,Disorder. La storia dei Joy Division,Fernando Rennis,Nottetempo,2026,,https://www.ibs.it/disorder-storia-dei-joy-division-libro-fernando-rennis/e/9791254802809,False
Altri Editori,https://www.ibs.it/images/9788834624593_0_0_150_0_75.jpg,Pulce. La mia vita tra le onde,Novella Calligaris,La nave di Teseo,2026,,https://www.ibs.it/pulce-mia-vita-tra-onde-libro-novella-calligaris/e/9788834624593,False
Altri Editori,https://www.ibs.it/images/9791257830151_0_0_150_0_75.jpg,Alessandro Magno-Saladino. I protagonisti della storia. Vol. 8,"Davide Goy,Luca Blengino,Antonio Palma",Editoriale Cosmo,2026,,https://www.ibs.it/alessandro-magno-saladino-protagonisti-della-libro-vari/e/9791257830151,False
Editori Selezionati,https://www.ibs.it/images/9788830465374_0_0_150_0_75.jpg,Fortissimo,Gianna Fratta,Longanesi,2026,"Gianna ha nove anni quando assiste al suo primo concerto con un'orchestra ed è in quel momento che decide il suo futuro. Quella sera esce dalla sala colpita dall'uomo sul podio, al centro del palco, quel signore che danzava in mezzo agli altri, senza suonare alcuno strumento, e che tutti chiamavano «il Maestro». Anche lei vuole stare su quel metro quadro ma non sa, allora, che quello è un lavoro da maschi. E questa è la sua fortuna. Nella mente dei bambini i sogni più fantasiosi assumono la sorprendente forma del possibile. E per il resto della sua vita Gianna si dedicherà con volontà incrollabile a realizzare quel sogno in cui nessuno, eccetto lei, crede. Il percorso è tortuoso, costellato di uno studio quasi disperato, sacrifici e prove di resistenza, perché nel mondo della musica il talento da solo non è abbastanza, soprattutto quando si sceglie di entrare in un posto che non è stato pensato per te. Le donne direttrici d'orchestra sono pochissime e Gianna deve imparare a resistere, a sopportare l'attesa, a sostenere il peso di chi mette le sue capacità sempre in discussione. Impara che deve conquistarsi ogni passo, ogni volta e senza sconti. Questo non è il racconto di un successo, ma di una vocazione, della fatica e della costruzione di un'identità. È la storia di una bambina che non ha mai smesso di sognare, di una donna che ha rotto il soffitto di cristallo e che, un giorno, è riuscita a chiamarsi Maestra.",https://www.ibs.it/fortissimo-libro-gianna-fratta/e/9788830465374,False
Editori Selezionati,https://www.ibs.it/images/9791223801505_0_0_150_0_75.jpg,Un sogno chiamato Hollywood,Alessandra Mussolini,Piemme,2026,"Pozzuoli, anni Trenta. Armida sogna Hollywood e una vita lontana dalla miseria della sua famiglia. L'occasione giusta sembra finalmente aprirle le porte del successo, ma quel destino le viene strappato via. E in lei si apre una ferita profonda che non smetterà mai di bruciare. Ma i sogni, come la bellezza, si possono tramandare di madre in figlia? Anni dopo, Armida vede nella figlia la possibilità di realizzare ciò che a lei è stato negato. Affascinante, timida, cresciuta tra l'ambizione materna e il vuoto lasciato dal padre, Lelletta viene spinta verso concorsi di bellezza, fotoromanzi e provini cinematografici. Da Pozzuoli a Roma, da Cinecittà fino a Hollywood, la ragazza impara a trasformare la paura, la vergogna e il desiderio in talento, fino a diventare Lucia Aleandri, un'attrice capace di conquistare il grande schermo senza smarrire le proprie radici. Come nasce una diva, del resto, se non attraverso un percorso fatto di cadute e rinascite? Lo stesso che, nella realtà, ha trasformato una ragazza di Pozzuoli in Sophia Loren, icona assoluta del cinema mondiale. Accanto a Lelletta, sua madre, la sorella Anna, gli uomini che la feriscono, quelli che la guidano e i grandi maestri del cinema italiano compongono un affresco intimo e corale di un'Italia che cerca il riscatto. Una storia unica e insieme universale: quella di tante ragazze che, in ogni epoca, partono dal nulla e sognano tutto.",https://www.ibs.it/sogno-chiamato-hollywood-libro-alessandra-mussolini/e/9791223801505,False
Altri Editori,https://www.ibs.it/images/9788898820757_0_0_150_0_75.jpg,Viaggio in terza classe,Fumiko Hayashi,Giometti & Antonello,2026,,https://www.ibs.it/viaggio-in-terza-classe-libro-fumiko-hayashi/e/9788898820757,False
Altri Editori,https://www.ibs.it/images/9788868027230_0_0_150_0_75.jpg,Il mito di una donna. Nuova ediz.,Lou Andreas-Salomé,Pgreco,2026,,https://www.ibs.it/mito-di-donna-nuova-ediz-libro-lou-andreas-salome/e/9788868027230,False
Altri Editori,https://www.ibs.it/images/9791223705445_0_0_150_0_75.jpg,Coltrane secondo Coltrane. Tutte le interviste,N/D,EDT,2026,,https://www.ibs.it/coltrane-secondo-coltrane-tutte-interviste-libro-vari/e/9791223705445,False
Altri Editori,https://www.ibs.it/images/9788833842059_0_0_150_0_75.jpg,"Frank Lloyd Wright and Firenze. Passions, crises, and recognition across the tuscan landscape","Valeria Rondoni,Paolo Bulletti",Pontecorboli Editore,2026,,https://www.ibs.it/frank-lloyd-wright-and-firenze-libro-valeria-rondoni-paolo-bulletti/e/9788833842059,False
Altri Editori,https://www.ibs.it/images/9788859625452_0_0_150_0_75.jpg,Passi tra le rovine,Ardengo Soffici,Polistampa,2026,,https://www.ibs.it/passi-tra-rovine-libro-ardengo-soffici/e/9788859625452,False
Altri Editori,https://www.ibs.it/images/9788859625445_0_0_150_0_75.jpg,L'uva e la croce. Autoritratto d'artista italiano nel quadro del suo tempo,Ardengo Soffici,Polistampa,2026,,https://www.ibs.it/uva-croce-autoritratto-d-artista-libro-ardengo-soffici/e/9788859625445,False
Altri Editori,https://www.ibs.it/images/9791298553156_0_0_150_0_75.jpg,"Parallel 41°. Memoir, market, omnichannel",Salvatore Napolitano,Kleos press,2026,,https://www.ibs.it/parallel-41-memoir-market-omnichannel-libro-salvatore-napolitano/e/9791298553156,False
Altri Editori,https://www.ibs.it/images/9791257850425_0_0_150_0_75.jpg,La gratitudine è la mia casa,Paolo Marrocchesi,Betti Editrice,2026,,https://www.ibs.it/gratitudine-mia-casa-libro-paolo-marrocchesi/e/9791257850425,False
Altri Editori,https://www.ibs.it/images/9791255274650_0_0_150_0_75.jpg,Genova è mia moglie. La città di Fabrizio De André,"Patrizia Traverso,Stefano Tettamanti",Morellini,2026,,https://www.ibs.it/genova-mia-moglie-citta-di-libro-patrizia-traverso-stefano-tettamanti/e/9791255274650,True
Altri Editori,https://www.ibs.it/images/9791224321033_0_0_150_0_75.jpg,"Antonio Petito, metamorfosi di un uomo di teatro",Mariano D'Amora,Istituto del Dramma Napoletano,2026,,https://www.ibs.it/antonio-petito-metamorfosi-di-uomo-libro-mariano-d-amora/e/9791224321033,False
Altri Editori,https://www.ibs.it/images/9788846775443_0_0_150_0_75.jpg,"I sogni di Kafka ovvero «il lavoro della lunga notte». Diari, carteggi e prose letterarie",Isolde Schiffermüller,Edizioni ETS,2026,,https://www.ibs.it/sogni-di-kafka-ovvero-lavoro-libro-isolde-schiffermuller/e/9788846775443,False
Altri Editori,https://www.ibs.it/images/9788842836681_0_0_150_0_75.jpg,Romeo Castellucci. Quaderni della Scala. La sena del presente,Mattia Palma,Il Saggiatore,2026,,https://www.ibs.it/romeo-castellucci-quaderni-della-scala-libro-mattia-palma/e/9788842836681,False
Altri Editori,https://www.ibs.it/images/9791282710015_0_0_150_0_75.jpg,Dino Innato. La storia di un grande campione,Raffaele Innato,DTEditoria,2026,,https://www.ibs.it/dino-innato-storia-di-grande-libro-raffaele-innato/e/9791282710015,True
Altri Editori,https://www.ibs.it/images/9791224099758_0_0_150_0_75.jpg,Oltre la parata,Luca Brescianini,Youcanprint,2026,,https://www.ibs.it/oltre-parata-libro-luca-brescianini/e/9791224099758,True
Altri Editori,https://www.ibs.it/images/9791224093060_0_0_150_0_75.jpg,"Skrjabin, il colore e lo spirito del suono",Marco De Giorgio,Youcanprint,2026,,https://www.ibs.it/skrjabin-colore-spirito-del-suono-libro-marco-de-giorgio/e/9791224093060,False
Altri Editori,https://www.ibs.it/images/9791281106826_0_0_150_0_75.jpg,Legati dalla stessa follia,"Luca Ricci,Arrigo Nobile,Fabio Bruno",Eclettica,2026,,https://www.ibs.it/legati-dalla-stessa-follia-libro-vari/e/9791281106826,True
Altri Editori,https://www.ibs.it/images/9788868694883_0_0_150_0_75.jpg,Algarottino mio dolce. Il giovane Francesco Algarotti,Andrea Perego,Supernova,2026,,https://www.ibs.it/algarottino-mio-dolce-giovane-francesco-libro-andrea-perego/e/9788868694883,True
Altri Editori,https://www.ibs.it/images/9788865602447_0_0_150_0_75.jpg,Che gran casino la vita,Enrico Gariboldi,& MyBook,2026,,https://www.ibs.it/che-gran-casino-vita-libro-enrico-gariboldi/e/9788865602447,True
Editori Selezionati,https://www.ibs.it/images/9791259973030_0_0_150_0_75.jpg,"La compagnia di Virgilio. Storie di libri e di amici nella Vicenza di Virgilio Scapin: Parise, Pozza, Bandini, Meneghello...",Marco Cavalli,Ronzani Editore,2026,,https://www.ibs.it/compagnia-di-virgilio-storie-di-libro-marco-cavalli/e/9791259973030,False
Altri Editori,https://www.ibs.it/images/9788864761930_0_0_150_0_75.jpg,Casanova à Venise. Extraits d'histoire de ma vie,Giacomo Casanova,Massimiliano Piretti Editore,2026,,https://www.ibs.it/casanova-a-venise-extraits-d-libro-giacomo-casanova/e/9788864761930,False
Altri Editori,https://www.ibs.it/images/9791282758079_0_0_150_0_75.jpg,Il bar come teatro della vita,Lino Marchese,Dedra Edizioni,2026,,https://www.ibs.it/bar-come-teatro-della-vita-libro-lino-marchese/e/9791282758079,False
